2026-06-30 14:21:40 | INFO     | ============================================================
2026-06-30 14:21:40 | INFO     |   SAP RPA — Auto Extend Material MMSC
2026-06-30 14:21:40 | INFO     |   Storage Loc : WH02 & WT01
2026-06-30 14:21:40 | INFO     |   Input       : _selected_temp.xlsx
2026-06-30 14:21:40 | INFO     |   Dry Run     : False
2026-06-30 14:21:40 | INFO     | ============================================================
2026-06-30 14:21:40 | INFO     | 
2026-06-30 14:21:40 | INFO     |   PERSIAPAN:
2026-06-30 14:21:40 | INFO     |   1. SAP sudah login
2026-06-30 14:21:40 | INFO     |   2. Klik jendela SAP supaya aktif
2026-06-30 14:21:40 | INFO     |   3. JANGAN sentuh mouse/keyboard saat robot berjalan!
2026-06-30 14:21:40 | INFO     |   4. DARURAT: gerak mouse ke pojok KIRI ATAS = STOP
2026-06-30 14:21:40 | INFO     | 
2026-06-30 14:21:40 | INFO     | Total material: 125 baris
2026-06-30 14:21:40 | INFO     |   Mulai dalam 5 detik...
2026-06-30 14:21:41 | INFO     |   Mulai dalam 4 detik...
2026-06-30 14:21:42 | INFO     |   Mulai dalam 3 detik...
2026-06-30 14:21:43 | INFO     |   Mulai dalam 2 detik...
2026-06-30 14:21:44 | INFO     |   Mulai dalam 1 detik...
2026-06-30 14:21:45 | INFO     |   ROBOT MULAI!
2026-06-30 14:21:45 | INFO     | 
2026-06-30 14:21:45 | INFO     |   SAP ditemukan: 'Enter Storage Locations Collectively: Initial Screen'
2026-06-30 14:21:46 | INFO     |   Fokus SAP berhasil ✓
2026-06-30 14:21:47 | INFO     |   SAP → kiri layar (960x1080)
2026-06-30 14:21:51 | INFO     |   MMSC terbuka
2026-06-30 14:21:51 | INFO     | [   1/125]  330005  →  Plant: B200
2026-06-30 14:21:51 | DEBUG    |   Isi Material: 330005
2026-06-30 14:21:53 | DEBUG    |   Isi Plant: B200
2026-06-30 14:21:56 | DEBUG    |   [DEBUG] Mundur ke-1: 'WH01'
2026-06-30 14:21:57 | DEBUG    |   [DEBUG] Mundur ke-2: ''
2026-06-30 14:21:57 | DEBUG    |   [DEBUG] SLoc yang terbaca: ['WH01']
2026-06-30 14:21:57 | INFO     |   Isi SLoc yang belum ada: WH02, WT01
2026-06-30 14:21:58 | DEBUG    |   SLoc baru: WH02
2026-06-30 14:21:58 | DEBUG    |   SLoc baru: WT01
2026-06-30 14:22:00 | DEBUG    |   [DEBUG] Jumlah elemen terbaca: 22
2026-06-30 14:22:00 | DEBUG    |   [DEBUG] Status text: [WINDOWCONTROL:NAME]ENTER STORAGE LOCATIONS COLLECTIVELY: LIST | [BUTTONCONTROL:NAME]OPEN | [BUTTONCONTROL:NAME]DELETE | [LEGACY:DESC]DELETE   (SHIFT+F2) | [LEGACY:VALUE]ENTER STORAGE LOCATIONS COLLECTIVELY: LIST | [LEGACY:DESC]DISPLAYS THE NAME OF THE WINDOW AND CONTAINS CONTROLS TO MANIPULATE IT | [MENUBARCONTROL:NAME]SYSTEM | [LEGACY:DESC]CONTAINS COMMANDS TO MANIPULATE THE WINDOW | [MENUITEMCONTROL:NAME]SYSTEM | [BUTTONCONTROL:NAME]MINIMIZE | [LEGACY:DESC]MOVES THE WINDOW OUT OF THE WAY | [BUTTONCONTROL:NAME]MAXIMIZE | [LEGACY:DESC]MAKES THE WINDOW FULL SCREEN | [BUTTONCONTROL:NAME]CLOSE | [LEGACY:DESC]CLOSES THE WINDOW | CUSTOM  CONTAINER | CONTROL  CONTAINER | CUSTOM  CONTAINER | CONTROL  CONTAINER | SAP'S ADVANCED TREELIST | CUSTOM  CONTAINER | CONTROL  CONTAINER
2026-06-30 14:22:02 | SUCCESS  |   ✓ [B200] 330005 — WH02, WT01 DITAMBAH
2026-06-30 14:22:02 | INFO     | [   2/125]  330005  →  Plant: B201
2026-06-30 14:22:02 | DEBUG    |   Isi Material: 330005
2026-06-30 14:22:04 | DEBUG    |   Isi Plant: B201
2026-06-30 14:22:07 | DEBUG    |   [DEBUG] Mundur ke-1: 'WH01'
2026-06-30 14:22:08 | DEBUG    |   [DEBUG] Mundur ke-2: ''
2026-06-30 14:22:08 | DEBUG    |   [DEBUG] SLoc yang terbaca: ['WH01']
2026-06-30 14:22:08 | INFO     |   Isi SLoc yang belum ada: WH02, WT01
2026-06-30 14:22:08 | DEBUG    |   SLoc baru: WH02
2026-06-30 14:22:09 | DEBUG    |   SLoc baru: WT01
2026-06-30 14:22:10 | DEBUG    |   [DEBUG] Jumlah elemen terbaca: 22
2026-06-30 14:22:10 | DEBUG    |   [DEBUG] Status text: [WINDOWCONTROL:NAME]ENTER STORAGE LOCATIONS COLLECTIVELY: LIST | [BUTTONCONTROL:NAME]OPEN | [BUTTONCONTROL:NAME]DELETE | [LEGACY:DESC]DELETE   (SHIFT+F2) | [LEGACY:VALUE]ENTER STORAGE LOCATIONS COLLECTIVELY: LIST | [LEGACY:DESC]DISPLAYS THE NAME OF THE WINDOW AND CONTAINS CONTROLS TO MANIPULATE IT | [MENUBARCONTROL:NAME]SYSTEM | [LEGACY:DESC]CONTAINS COMMANDS TO MANIPULATE THE WINDOW | [MENUITEMCONTROL:NAME]SYSTEM | [BUTTONCONTROL:NAME]MINIMIZE | [LEGACY:DESC]MOVES THE WINDOW OUT OF THE WAY | [BUTTONCONTROL:NAME]MAXIMIZE | [LEGACY:DESC]MAKES THE WINDOW FULL SCREEN | [BUTTONCONTROL:NAME]CLOSE | [LEGACY:DESC]CLOSES THE WINDOW | CUSTOM  CONTAINER | CONTROL  CONTAINER | CUSTOM  CONTAINER | CONTROL  CONTAINER | SAP'S ADVANCED TREELIST | CUSTOM  CONTAINER | CONTROL  CONTAINER
2026-06-30 14:22:12 | SUCCESS  |   ✓ [B201] 330005 — WH02, WT01 DITAMBAH
2026-06-30 14:22:12 | INFO     | [   3/125]  330005  →  Plant: B202
2026-06-30 14:22:12 | DEBUG    |   Isi Material: 330005
2026-06-30 14:22:14 | DEBUG    |   Isi Plant: B202
2026-06-30 14:22:17 | DEBUG    |   [DEBUG] Mundur ke-1: 'WH01'
2026-06-30 14:22:18 | DEBUG    |   [DEBUG] Mundur ke-2: ''
2026-06-30 14:22:18 | DEBUG    |   [DEBUG] SLoc yang terbaca: ['WH01']
2026-06-30 14:22:18 | INFO     |   Isi SLoc yang belum ada: WH02, WT01
2026-06-30 14:22:19 | DEBUG    |   SLoc baru: WH02
2026-06-30 14:22:19 | DEBUG    |   SLoc baru: WT01
2026-06-30 14:22:20 | DEBUG    |   [DEBUG] Jumlah elemen terbaca: 22
2026-06-30 14:22:20 | DEBUG    |   [DEBUG] Status text: [WINDOWCONTROL:NAME]ENTER STORAGE LOCATIONS COLLECTIVELY: LIST | [BUTTONCONTROL:NAME]OPEN | [BUTTONCONTROL:NAME]DELETE | [LEGACY:DESC]DELETE   (SHIFT+F2) | [LEGACY:VALUE]ENTER STORAGE LOCATIONS COLLECTIVELY: LIST | [LEGACY:DESC]DISPLAYS THE NAME OF THE WINDOW AND CONTAINS CONTROLS TO MANIPULATE IT | [MENUBARCONTROL:NAME]SYSTEM | [LEGACY:DESC]CONTAINS COMMANDS TO MANIPULATE THE WINDOW | [MENUITEMCONTROL:NAME]SYSTEM | [BUTTONCONTROL:NAME]MINIMIZE | [LEGACY:DESC]MOVES THE WINDOW OUT OF THE WAY | [BUTTONCONTROL:NAME]MAXIMIZE | [LEGACY:DESC]MAKES THE WINDOW FULL SCREEN | [BUTTONCONTROL:NAME]CLOSE | [LEGACY:DESC]CLOSES THE WINDOW | CUSTOM  CONTAINER | CONTROL  CONTAINER | CUSTOM  CONTAINER | CONTROL  CONTAINER | SAP'S ADVANCED TREELIST | CUSTOM  CONTAINER | CONTROL  CONTAINER
2026-06-30 14:22:22 | SUCCESS  |   ✓ [B202] 330005 — WH02, WT01 DITAMBAH
2026-06-30 14:22:22 | INFO     | [   4/125]  330005  →  Plant: B203
2026-06-30 14:22:22 | DEBUG    |   Isi Material: 330005
2026-06-30 14:22:24 | DEBUG    |   Isi Plant: B203
2026-06-30 14:22:28 | DEBUG    |   [DEBUG] Mundur ke-1: 'WH01'
2026-06-30 14:22:28 | DEBUG    |   [DEBUG] Mundur ke-2: ''
2026-06-30 14:22:28 | DEBUG    |   [DEBUG] SLoc yang terbaca: ['WH01']
2026-06-30 14:22:28 | INFO     |   Isi SLoc yang belum ada: WH02, WT01
2026-06-30 14:22:29 | DEBUG    |   SLoc baru: WH02
2026-06-30 14:22:30 | DEBUG    |   SLoc baru: WT01
2026-06-30 14:22:31 | DEBUG    |   [DEBUG] Jumlah elemen terbaca: 22
2026-06-30 14:22:31 | DEBUG    |   [DEBUG] Status text: [WINDOWCONTROL:NAME]ENTER STORAGE LOCATIONS COLLECTIVELY: LIST | [BUTTONCONTROL:NAME]OPEN | [BUTTONCONTROL:NAME]DELETE | [LEGACY:DESC]DELETE   (SHIFT+F2) | [LEGACY:VALUE]ENTER STORAGE LOCATIONS COLLECTIVELY: LIST | [LEGACY:DESC]DISPLAYS THE NAME OF THE WINDOW AND CONTAINS CONTROLS TO MANIPULATE IT | [MENUBARCONTROL:NAME]SYSTEM | [LEGACY:DESC]CONTAINS COMMANDS TO MANIPULATE THE WINDOW | [MENUITEMCONTROL:NAME]SYSTEM | [BUTTONCONTROL:NAME]MINIMIZE | [LEGACY:DESC]MOVES THE WINDOW OUT OF THE WAY | [BUTTONCONTROL:NAME]MAXIMIZE | [LEGACY:DESC]MAKES THE WINDOW FULL SCREEN | [BUTTONCONTROL:NAME]CLOSE | [LEGACY:DESC]CLOSES THE WINDOW | CUSTOM  CONTAINER | CONTROL  CONTAINER | CUSTOM  CONTAINER | CONTROL  CONTAINER | SAP'S ADVANCED TREELIST | CUSTOM  CONTAINER | CONTROL  CONTAINER
2026-06-30 14:22:33 | SUCCESS  |   ✓ [B203] 330005 — WH02, WT01 DITAMBAH
2026-06-30 14:22:33 | INFO     | [   5/125]  330005  →  Plant: B204
2026-06-30 14:22:33 | DEBUG    |   Isi Material: 330005
2026-06-30 14:22:35 | DEBUG    |   Isi Plant: B204
2026-06-30 14:22:38 | DEBUG    |   [DEBUG] Mundur ke-1: 'WH01'
2026-06-30 14:22:39 | DEBUG    |   [DEBUG] Mundur ke-2: ''
2026-06-30 14:22:39 | DEBUG    |   [DEBUG] SLoc yang terbaca: ['WH01']
2026-06-30 14:22:39 | INFO     |   Isi SLoc yang belum ada: WH02, WT01
2026-06-30 14:22:39 | DEBUG    |   SLoc baru: WH02
2026-06-30 14:22:40 | DEBUG    |   SLoc baru: WT01
2026-06-30 14:22:41 | DEBUG    |   [DEBUG] Jumlah elemen terbaca: 22
2026-06-30 14:22:41 | DEBUG    |   [DEBUG] Status text: [WINDOWCONTROL:NAME]ENTER STORAGE LOCATIONS COLLECTIVELY: LIST | [BUTTONCONTROL:NAME]OPEN | [BUTTONCONTROL:NAME]DELETE | [LEGACY:DESC]DELETE   (SHIFT+F2) | [LEGACY:VALUE]ENTER STORAGE LOCATIONS COLLECTIVELY: LIST | [LEGACY:DESC]DISPLAYS THE NAME OF THE WINDOW AND CONTAINS CONTROLS TO MANIPULATE IT | [MENUBARCONTROL:NAME]SYSTEM | [LEGACY:DESC]CONTAINS COMMANDS TO MANIPULATE THE WINDOW | [MENUITEMCONTROL:NAME]SYSTEM | [BUTTONCONTROL:NAME]MINIMIZE | [LEGACY:DESC]MOVES THE WINDOW OUT OF THE WAY | [BUTTONCONTROL:NAME]MAXIMIZE | [LEGACY:DESC]MAKES THE WINDOW FULL SCREEN | [BUTTONCONTROL:NAME]CLOSE | [LEGACY:DESC]CLOSES THE WINDOW | CUSTOM  CONTAINER | CONTROL  CONTAINER | CUSTOM  CONTAINER | CONTROL  CONTAINER | SAP'S ADVANCED TREELIST | CUSTOM  CONTAINER | CONTROL  CONTAINER
2026-06-30 14:22:43 | SUCCESS  |   ✓ [B204] 330005 — WH02, WT01 DITAMBAH
2026-06-30 14:22:43 | INFO     | [   6/125]  330005  →  Plant: B205
2026-06-30 14:22:43 | DEBUG    |   Isi Material: 330005
2026-06-30 14:22:45 | DEBUG    |   Isi Plant: B205
2026-06-30 14:22:48 | DEBUG    |   [DEBUG] Mundur ke-1: 'WH01'
2026-06-30 14:22:49 | DEBUG    |   [DEBUG] Mundur ke-2: ''
2026-06-30 14:22:49 | DEBUG    |   [DEBUG] SLoc yang terbaca: ['WH01']
2026-06-30 14:22:49 | INFO     |   Isi SLoc yang belum ada: WH02, WT01
2026-06-30 14:22:50 | DEBUG    |   SLoc baru: WH02
2026-06-30 14:22:51 | DEBUG    |   SLoc baru: WT01
2026-06-30 14:22:51 | DEBUG    |   [DEBUG] Jumlah elemen terbaca: 22
2026-06-30 14:22:51 | DEBUG    |   [DEBUG] Status text: [WINDOWCONTROL:NAME]ENTER STORAGE LOCATIONS COLLECTIVELY: LIST | [BUTTONCONTROL:NAME]OPEN | [BUTTONCONTROL:NAME]DELETE | [LEGACY:DESC]DELETE   (SHIFT+F2) | [LEGACY:VALUE]ENTER STORAGE LOCATIONS COLLECTIVELY: LIST | [LEGACY:DESC]DISPLAYS THE NAME OF THE WINDOW AND CONTAINS CONTROLS TO MANIPULATE IT | [MENUBARCONTROL:NAME]SYSTEM | [LEGACY:DESC]CONTAINS COMMANDS TO MANIPULATE THE WINDOW | [MENUITEMCONTROL:NAME]SYSTEM | [BUTTONCONTROL:NAME]MINIMIZE | [LEGACY:DESC]MOVES THE WINDOW OUT OF THE WAY | [BUTTONCONTROL:NAME]MAXIMIZE | [LEGACY:DESC]MAKES THE WINDOW FULL SCREEN | [BUTTONCONTROL:NAME]CLOSE | [LEGACY:DESC]CLOSES THE WINDOW | CUSTOM  CONTAINER | CONTROL  CONTAINER | CUSTOM  CONTAINER | CONTROL  CONTAINER | SAP'S ADVANCED TREELIST | CUSTOM  CONTAINER | CONTROL  CONTAINER
2026-06-30 14:22:53 | SUCCESS  |   ✓ [B205] 330005 — WH02, WT01 DITAMBAH
2026-06-30 14:22:53 | INFO     | [   7/125]  330005  →  Plant: B351
2026-06-30 14:22:53 | DEBUG    |   Isi Material: 330005
2026-06-30 14:22:55 | DEBUG    |   Isi Plant: B351
2026-06-30 14:22:59 | DEBUG    |   [DEBUG] Mundur ke-1: 'WH01'
2026-06-30 14:22:59 | DEBUG    |   [DEBUG] Mundur ke-2: ''
2026-06-30 14:22:59 | DEBUG    |   [DEBUG] SLoc yang terbaca: ['WH01']
2026-06-30 14:22:59 | INFO     |   Isi SLoc yang belum ada: WH02, WT01
2026-06-30 14:23:00 | DEBUG    |   SLoc baru: WH02
2026-06-30 14:23:01 | DEBUG    |   SLoc baru: WT01
2026-06-30 14:23:02 | DEBUG    |   [DEBUG] Jumlah elemen terbaca: 22
2026-06-30 14:23:02 | DEBUG    |   [DEBUG] Status text: [WINDOWCONTROL:NAME]ENTER STORAGE LOCATIONS COLLECTIVELY: LIST | [BUTTONCONTROL:NAME]OPEN | [BUTTONCONTROL:NAME]DELETE | [LEGACY:DESC]DELETE   (SHIFT+F2) | [LEGACY:VALUE]ENTER STORAGE LOCATIONS COLLECTIVELY: LIST | [LEGACY:DESC]DISPLAYS THE NAME OF THE WINDOW AND CONTAINS CONTROLS TO MANIPULATE IT | [MENUBARCONTROL:NAME]SYSTEM | [LEGACY:DESC]CONTAINS COMMANDS TO MANIPULATE THE WINDOW | [MENUITEMCONTROL:NAME]SYSTEM | [BUTTONCONTROL:NAME]MINIMIZE | [LEGACY:DESC]MOVES THE WINDOW OUT OF THE WAY | [BUTTONCONTROL:NAME]MAXIMIZE | [LEGACY:DESC]MAKES THE WINDOW FULL SCREEN | [BUTTONCONTROL:NAME]CLOSE | [LEGACY:DESC]CLOSES THE WINDOW | CUSTOM  CONTAINER | CONTROL  CONTAINER | CUSTOM  CONTAINER | CONTROL  CONTAINER | SAP'S ADVANCED TREELIST | CUSTOM  CONTAINER | CONTROL  CONTAINER
2026-06-30 14:23:04 | SUCCESS  |   ✓ [B351] 330005 — WH02, WT01 DITAMBAH
2026-06-30 14:23:04 | INFO     | [   8/125]  330005  →  Plant: B352
2026-06-30 14:23:04 | DEBUG    |   Isi Material: 330005
2026-06-30 14:23:06 | DEBUG    |   Isi Plant: B352
2026-06-30 14:23:09 | DEBUG    |   [DEBUG] Mundur ke-1: 'WH01'
2026-06-30 14:23:10 | DEBUG    |   [DEBUG] Mundur ke-2: ''
2026-06-30 14:23:10 | DEBUG    |   [DEBUG] SLoc yang terbaca: ['WH01']
2026-06-30 14:23:10 | INFO     |   Isi SLoc yang belum ada: WH02, WT01
2026-06-30 14:23:10 | DEBUG    |   SLoc baru: WH02
2026-06-30 14:23:11 | DEBUG    |   SLoc baru: WT01
2026-06-30 14:23:12 | DEBUG    |   [DEBUG] Jumlah elemen terbaca: 22
2026-06-30 14:23:12 | DEBUG    |   [DEBUG] Status text: [WINDOWCONTROL:NAME]ENTER STORAGE LOCATIONS COLLECTIVELY: LIST | [BUTTONCONTROL:NAME]OPEN | [BUTTONCONTROL:NAME]DELETE | [LEGACY:DESC]DELETE   (SHIFT+F2) | [LEGACY:VALUE]ENTER STORAGE LOCATIONS COLLECTIVELY: LIST | [LEGACY:DESC]DISPLAYS THE NAME OF THE WINDOW AND CONTAINS CONTROLS TO MANIPULATE IT | [MENUBARCONTROL:NAME]SYSTEM | [LEGACY:DESC]CONTAINS COMMANDS TO MANIPULATE THE WINDOW | [MENUITEMCONTROL:NAME]SYSTEM | [BUTTONCONTROL:NAME]MINIMIZE | [LEGACY:DESC]MOVES THE WINDOW OUT OF THE WAY | [BUTTONCONTROL:NAME]MAXIMIZE | [LEGACY:DESC]MAKES THE WINDOW FULL SCREEN | [BUTTONCONTROL:NAME]CLOSE | [LEGACY:DESC]CLOSES THE WINDOW | CUSTOM  CONTAINER | CONTROL  CONTAINER | CUSTOM  CONTAINER | CONTROL  CONTAINER | SAP'S ADVANCED TREELIST | CUSTOM  CONTAINER | CONTROL  CONTAINER
2026-06-30 14:23:14 | SUCCESS  |   ✓ [B352] 330005 — WH02, WT01 DITAMBAH
2026-06-30 14:23:14 | INFO     | [   9/125]  330005  →  Plant: B353
2026-06-30 14:23:14 | DEBUG    |   Isi Material: 330005
2026-06-30 14:23:16 | DEBUG    |   Isi Plant: B353
2026-06-30 14:23:19 | DEBUG    |   [DEBUG] Mundur ke-1: 'WH01'
2026-06-30 14:23:20 | DEBUG    |   [DEBUG] Mundur ke-2: ''
2026-06-30 14:23:20 | DEBUG    |   [DEBUG] SLoc yang terbaca: ['WH01']
2026-06-30 14:23:20 | INFO     |   Isi SLoc yang belum ada: WH02, WT01
2026-06-30 14:23:21 | DEBUG    |   SLoc baru: WH02
2026-06-30 14:23:22 | DEBUG    |   SLoc baru: WT01
2026-06-30 14:23:23 | DEBUG    |   [DEBUG] Jumlah elemen terbaca: 22
2026-06-30 14:23:23 | DEBUG    |   [DEBUG] Status text: [WINDOWCONTROL:NAME]ENTER STORAGE LOCATIONS COLLECTIVELY: LIST | [BUTTONCONTROL:NAME]OPEN | [BUTTONCONTROL:NAME]DELETE | [LEGACY:DESC]DELETE   (SHIFT+F2) | [LEGACY:VALUE]ENTER STORAGE LOCATIONS COLLECTIVELY: LIST | [LEGACY:DESC]DISPLAYS THE NAME OF THE WINDOW AND CONTAINS CONTROLS TO MANIPULATE IT | [MENUBARCONTROL:NAME]SYSTEM | [LEGACY:DESC]CONTAINS COMMANDS TO MANIPULATE THE WINDOW | [MENUITEMCONTROL:NAME]SYSTEM | [BUTTONCONTROL:NAME]MINIMIZE | [LEGACY:DESC]MOVES THE WINDOW OUT OF THE WAY | [BUTTONCONTROL:NAME]MAXIMIZE | [LEGACY:DESC]MAKES THE WINDOW FULL SCREEN | [BUTTONCONTROL:NAME]CLOSE | [LEGACY:DESC]CLOSES THE WINDOW | CUSTOM  CONTAINER | CONTROL  CONTAINER | CUSTOM  CONTAINER | CONTROL  CONTAINER | SAP'S ADVANCED TREELIST | CUSTOM  CONTAINER | CONTROL  CONTAINER
2026-06-30 14:23:25 | SUCCESS  |   ✓ [B353] 330005 — WH02, WT01 DITAMBAH
2026-06-30 14:23:25 | INFO     | [  10/125]  330005  →  Plant: B354
2026-06-30 14:23:25 | DEBUG    |   Isi Material: 330005
2026-06-30 14:23:26 | DEBUG    |   Isi Plant: B354
2026-06-30 14:23:30 | DEBUG    |   [DEBUG] Mundur ke-1: 'WH01'
2026-06-30 14:23:30 | DEBUG    |   [DEBUG] Mundur ke-2: ''
2026-06-30 14:23:31 | DEBUG    |   [DEBUG] SLoc yang terbaca: ['WH01']
2026-06-30 14:23:31 | INFO     |   Isi SLoc yang belum ada: WH02, WT01
2026-06-30 14:23:31 | DEBUG    |   SLoc baru: WH02
2026-06-30 14:23:32 | DEBUG    |   SLoc baru: WT01
2026-06-30 14:23:33 | DEBUG    |   [DEBUG] Jumlah elemen terbaca: 22
2026-06-30 14:23:33 | DEBUG    |   [DEBUG] Status text: [WINDOWCONTROL:NAME]ENTER STORAGE LOCATIONS COLLECTIVELY: LIST | [BUTTONCONTROL:NAME]OPEN | [BUTTONCONTROL:NAME]DELETE | [LEGACY:DESC]DELETE   (SHIFT+F2) | [LEGACY:VALUE]ENTER STORAGE LOCATIONS COLLECTIVELY: LIST | [LEGACY:DESC]DISPLAYS THE NAME OF THE WINDOW AND CONTAINS CONTROLS TO MANIPULATE IT | [MENUBARCONTROL:NAME]SYSTEM | [LEGACY:DESC]CONTAINS COMMANDS TO MANIPULATE THE WINDOW | [MENUITEMCONTROL:NAME]SYSTEM | [BUTTONCONTROL:NAME]MINIMIZE | [LEGACY:DESC]MOVES THE WINDOW OUT OF THE WAY | [BUTTONCONTROL:NAME]MAXIMIZE | [LEGACY:DESC]MAKES THE WINDOW FULL SCREEN | [BUTTONCONTROL:NAME]CLOSE | [LEGACY:DESC]CLOSES THE WINDOW | CUSTOM  CONTAINER | CONTROL  CONTAINER | CUSTOM  CONTAINER | CONTROL  CONTAINER | SAP'S ADVANCED TREELIST | CUSTOM  CONTAINER | CONTROL  CONTAINER
2026-06-30 14:23:35 | SUCCESS  |   ✓ [B354] 330005 — WH02, WT01 DITAMBAH
2026-06-30 14:23:35 | INFO     | [  11/125]  330005  →  Plant: B356
2026-06-30 14:23:35 | DEBUG    |   Isi Material: 330005
2026-06-30 14:23:37 | DEBUG    |   Isi Plant: B356
2026-06-30 14:23:40 | DEBUG    |   [DEBUG] Mundur ke-1: 'WH01'
2026-06-30 14:23:41 | DEBUG    |   [DEBUG] Mundur ke-2: ''
2026-06-30 14:23:41 | DEBUG    |   [DEBUG] SLoc yang terbaca: ['WH01']
2026-06-30 14:23:41 | INFO     |   Isi SLoc yang belum ada: WH02, WT01
2026-06-30 14:23:41 | DEBUG    |   SLoc baru: WH02
2026-06-30 14:23:42 | DEBUG    |   SLoc baru: WT01
2026-06-30 14:23:43 | DEBUG    |   [DEBUG] Jumlah elemen terbaca: 22
2026-06-30 14:23:43 | DEBUG    |   [DEBUG] Status text: [WINDOWCONTROL:NAME]ENTER STORAGE LOCATIONS COLLECTIVELY: LIST | [BUTTONCONTROL:NAME]OPEN | [BUTTONCONTROL:NAME]DELETE | [LEGACY:DESC]DELETE   (SHIFT+F2) | [LEGACY:VALUE]ENTER STORAGE LOCATIONS COLLECTIVELY: LIST | [LEGACY:DESC]DISPLAYS THE NAME OF THE WINDOW AND CONTAINS CONTROLS TO MANIPULATE IT | [MENUBARCONTROL:NAME]SYSTEM | [LEGACY:DESC]CONTAINS COMMANDS TO MANIPULATE THE WINDOW | [MENUITEMCONTROL:NAME]SYSTEM | [BUTTONCONTROL:NAME]MINIMIZE | [LEGACY:DESC]MOVES THE WINDOW OUT OF THE WAY | [BUTTONCONTROL:NAME]MAXIMIZE | [LEGACY:DESC]MAKES THE WINDOW FULL SCREEN | [BUTTONCONTROL:NAME]CLOSE | [LEGACY:DESC]CLOSES THE WINDOW | CUSTOM  CONTAINER | CONTROL  CONTAINER | CUSTOM  CONTAINER | CONTROL  CONTAINER | SAP'S ADVANCED TREELIST | CUSTOM  CONTAINER | CONTROL  CONTAINER
2026-06-30 14:23:45 | SUCCESS  |   ✓ [B356] 330005 — WH02, WT01 DITAMBAH
2026-06-30 14:23:45 | INFO     | [  12/125]  330005  →  Plant: B357
2026-06-30 14:23:45 | DEBUG    |   Isi Material: 330005
2026-06-30 14:23:47 | DEBUG    |   Isi Plant: B357
2026-06-30 14:23:50 | DEBUG    |   [DEBUG] Mundur ke-1: 'WH01'
2026-06-30 14:23:51 | DEBUG    |   [DEBUG] Mundur ke-2: ''
2026-06-30 14:23:51 | DEBUG    |   [DEBUG] SLoc yang terbaca: ['WH01']
2026-06-30 14:23:51 | INFO     |   Isi SLoc yang belum ada: WH02, WT01
2026-06-30 14:23:52 | DEBUG    |   SLoc baru: WH02
2026-06-30 14:23:53 | DEBUG    |   SLoc baru: WT01
2026-06-30 14:23:54 | DEBUG    |   [DEBUG] Jumlah elemen terbaca: 22
2026-06-30 14:23:54 | DEBUG    |   [DEBUG] Status text: [WINDOWCONTROL:NAME]ENTER STORAGE LOCATIONS COLLECTIVELY: LIST | [BUTTONCONTROL:NAME]OPEN | [BUTTONCONTROL:NAME]DELETE | [LEGACY:DESC]DELETE   (SHIFT+F2) | [LEGACY:VALUE]ENTER STORAGE LOCATIONS COLLECTIVELY: LIST | [LEGACY:DESC]DISPLAYS THE NAME OF THE WINDOW AND CONTAINS CONTROLS TO MANIPULATE IT | [MENUBARCONTROL:NAME]SYSTEM | [LEGACY:DESC]CONTAINS COMMANDS TO MANIPULATE THE WINDOW | [MENUITEMCONTROL:NAME]SYSTEM | [BUTTONCONTROL:NAME]MINIMIZE | [LEGACY:DESC]MOVES THE WINDOW OUT OF THE WAY | [BUTTONCONTROL:NAME]MAXIMIZE | [LEGACY:DESC]MAKES THE WINDOW FULL SCREEN | [BUTTONCONTROL:NAME]CLOSE | [LEGACY:DESC]CLOSES THE WINDOW | CUSTOM  CONTAINER | CONTROL  CONTAINER | CUSTOM  CONTAINER | CONTROL  CONTAINER | SAP'S ADVANCED TREELIST | CUSTOM  CONTAINER | CONTROL  CONTAINER
2026-06-30 14:23:56 | SUCCESS  |   ✓ [B357] 330005 — WH02, WT01 DITAMBAH
2026-06-30 14:23:56 | INFO     | [  13/125]  330005  →  Plant: B358
2026-06-30 14:23:56 | DEBUG    |   Isi Material: 330005
2026-06-30 14:23:58 | DEBUG    |   Isi Plant: B358
2026-06-30 14:24:01 | DEBUG    |   [DEBUG] Mundur ke-1: 'WH01'
2026-06-30 14:24:02 | DEBUG    |   [DEBUG] Mundur ke-2: ''
2026-06-30 14:24:02 | DEBUG    |   [DEBUG] SLoc yang terbaca: ['WH01']
2026-06-30 14:24:02 | INFO     |   Isi SLoc yang belum ada: WH02, WT01
2026-06-30 14:24:02 | DEBUG    |   SLoc baru: WH02
2026-06-30 14:24:03 | DEBUG    |   SLoc baru: WT01
2026-06-30 14:24:04 | DEBUG    |   [DEBUG] Jumlah elemen terbaca: 22
2026-06-30 14:24:04 | DEBUG    |   [DEBUG] Status text: [WINDOWCONTROL:NAME]ENTER STORAGE LOCATIONS COLLECTIVELY: LIST | [BUTTONCONTROL:NAME]OPEN | [BUTTONCONTROL:NAME]DELETE | [LEGACY:DESC]DELETE   (SHIFT+F2) | [LEGACY:VALUE]ENTER STORAGE LOCATIONS COLLECTIVELY: LIST | [LEGACY:DESC]DISPLAYS THE NAME OF THE WINDOW AND CONTAINS CONTROLS TO MANIPULATE IT | [MENUBARCONTROL:NAME]SYSTEM | [LEGACY:DESC]CONTAINS COMMANDS TO MANIPULATE THE WINDOW | [MENUITEMCONTROL:NAME]SYSTEM | [BUTTONCONTROL:NAME]MINIMIZE | [LEGACY:DESC]MOVES THE WINDOW OUT OF THE WAY | [BUTTONCONTROL:NAME]MAXIMIZE | [LEGACY:DESC]MAKES THE WINDOW FULL SCREEN | [BUTTONCONTROL:NAME]CLOSE | [LEGACY:DESC]CLOSES THE WINDOW | CUSTOM  CONTAINER | CONTROL  CONTAINER | CUSTOM  CONTAINER | CONTROL  CONTAINER | SAP'S ADVANCED TREELIST | CUSTOM  CONTAINER | CONTROL  CONTAINER
2026-06-30 14:24:06 | SUCCESS  |   ✓ [B358] 330005 — WH02, WT01 DITAMBAH
2026-06-30 14:24:06 | INFO     | [  14/125]  330005  →  Plant: B360
2026-06-30 14:24:06 | DEBUG    |   Isi Material: 330005
2026-06-30 14:24:08 | DEBUG    |   Isi Plant: B360
2026-06-30 14:24:11 | DEBUG    |   [DEBUG] Mundur ke-1: 'WH01'
2026-06-30 14:24:12 | DEBUG    |   [DEBUG] Mundur ke-2: ''
2026-06-30 14:24:12 | DEBUG    |   [DEBUG] SLoc yang terbaca: ['WH01']
2026-06-30 14:24:12 | INFO     |   Isi SLoc yang belum ada: WH02, WT01
2026-06-30 14:24:13 | DEBUG    |   SLoc baru: WH02
2026-06-30 14:24:14 | DEBUG    |   SLoc baru: WT01
2026-06-30 14:24:15 | DEBUG    |   [DEBUG] Jumlah elemen terbaca: 22
2026-06-30 14:24:15 | DEBUG    |   [DEBUG] Status text: [WINDOWCONTROL:NAME]ENTER STORAGE LOCATIONS COLLECTIVELY: LIST | [BUTTONCONTROL:NAME]OPEN | [BUTTONCONTROL:NAME]DELETE | [LEGACY:DESC]DELETE   (SHIFT+F2) | [LEGACY:VALUE]ENTER STORAGE LOCATIONS COLLECTIVELY: LIST | [LEGACY:DESC]DISPLAYS THE NAME OF THE WINDOW AND CONTAINS CONTROLS TO MANIPULATE IT | [MENUBARCONTROL:NAME]SYSTEM | [LEGACY:DESC]CONTAINS COMMANDS TO MANIPULATE THE WINDOW | [MENUITEMCONTROL:NAME]SYSTEM | [BUTTONCONTROL:NAME]MINIMIZE | [LEGACY:DESC]MOVES THE WINDOW OUT OF THE WAY | [BUTTONCONTROL:NAME]MAXIMIZE | [LEGACY:DESC]MAKES THE WINDOW FULL SCREEN | [BUTTONCONTROL:NAME]CLOSE | [LEGACY:DESC]CLOSES THE WINDOW | CUSTOM  CONTAINER | CONTROL  CONTAINER | CUSTOM  CONTAINER | CONTROL  CONTAINER | SAP'S ADVANCED TREELIST | CUSTOM  CONTAINER | CONTROL  CONTAINER
2026-06-30 14:24:17 | SUCCESS  |   ✓ [B360] 330005 — WH02, WT01 DITAMBAH
2026-06-30 14:24:17 | INFO     | [  15/125]  330005  →  Plant: B361
2026-06-30 14:24:17 | DEBUG    |   Isi Material: 330005
2026-06-30 14:24:18 | DEBUG    |   Isi Plant: B361
2026-06-30 14:24:22 | DEBUG    |   [DEBUG] Mundur ke-1: 'WH01'
2026-06-30 14:24:22 | DEBUG    |   [DEBUG] Mundur ke-2: ''
2026-06-30 14:24:23 | DEBUG    |   [DEBUG] SLoc yang terbaca: ['WH01']
2026-06-30 14:24:23 | INFO     |   Isi SLoc yang belum ada: WH02, WT01
2026-06-30 14:24:23 | DEBUG    |   SLoc baru: WH02
2026-06-30 14:24:24 | DEBUG    |   SLoc baru: WT01
2026-06-30 14:24:25 | DEBUG    |   [DEBUG] Jumlah elemen terbaca: 22
2026-06-30 14:24:25 | DEBUG    |   [DEBUG] Status text: [WINDOWCONTROL:NAME]ENTER STORAGE LOCATIONS COLLECTIVELY: LIST | [BUTTONCONTROL:NAME]OPEN | [BUTTONCONTROL:NAME]DELETE | [LEGACY:DESC]DELETE   (SHIFT+F2) | [LEGACY:VALUE]ENTER STORAGE LOCATIONS COLLECTIVELY: LIST | [LEGACY:DESC]DISPLAYS THE NAME OF THE WINDOW AND CONTAINS CONTROLS TO MANIPULATE IT | [MENUBARCONTROL:NAME]SYSTEM | [LEGACY:DESC]CONTAINS COMMANDS TO MANIPULATE THE WINDOW | [MENUITEMCONTROL:NAME]SYSTEM | [BUTTONCONTROL:NAME]MINIMIZE | [LEGACY:DESC]MOVES THE WINDOW OUT OF THE WAY | [BUTTONCONTROL:NAME]MAXIMIZE | [LEGACY:DESC]MAKES THE WINDOW FULL SCREEN | [BUTTONCONTROL:NAME]CLOSE | [LEGACY:DESC]CLOSES THE WINDOW | CUSTOM  CONTAINER | CONTROL  CONTAINER | CUSTOM  CONTAINER | CONTROL  CONTAINER | SAP'S ADVANCED TREELIST | CUSTOM  CONTAINER | CONTROL  CONTAINER
2026-06-30 14:24:27 | SUCCESS  |   ✓ [B361] 330005 — WH02, WT01 DITAMBAH
2026-06-30 14:24:27 | INFO     | [  16/125]  330005  →  Plant: B362
2026-06-30 14:24:27 | DEBUG    |   Isi Material: 330005
2026-06-30 14:24:29 | DEBUG    |   Isi Plant: B362
2026-06-30 14:24:32 | DEBUG    |   [DEBUG] Mundur ke-1: 'WH01'
2026-06-30 14:24:33 | DEBUG    |   [DEBUG] Mundur ke-2: ''
2026-06-30 14:24:33 | DEBUG    |   [DEBUG] SLoc yang terbaca: ['WH01']
2026-06-30 14:24:33 | INFO     |   Isi SLoc yang belum ada: WH02, WT01
2026-06-30 14:24:33 | DEBUG    |   SLoc baru: WH02
2026-06-30 14:24:34 | DEBUG    |   SLoc baru: WT01
2026-06-30 14:24:35 | DEBUG    |   [DEBUG] Jumlah elemen terbaca: 22
2026-06-30 14:24:35 | DEBUG    |   [DEBUG] Status text: [WINDOWCONTROL:NAME]ENTER STORAGE LOCATIONS COLLECTIVELY: LIST | [BUTTONCONTROL:NAME]OPEN | [BUTTONCONTROL:NAME]DELETE | [LEGACY:DESC]DELETE   (SHIFT+F2) | [LEGACY:VALUE]ENTER STORAGE LOCATIONS COLLECTIVELY: LIST | [LEGACY:DESC]DISPLAYS THE NAME OF THE WINDOW AND CONTAINS CONTROLS TO MANIPULATE IT | [MENUBARCONTROL:NAME]SYSTEM | [LEGACY:DESC]CONTAINS COMMANDS TO MANIPULATE THE WINDOW | [MENUITEMCONTROL:NAME]SYSTEM | [BUTTONCONTROL:NAME]MINIMIZE | [LEGACY:DESC]MOVES THE WINDOW OUT OF THE WAY | [BUTTONCONTROL:NAME]MAXIMIZE | [LEGACY:DESC]MAKES THE WINDOW FULL SCREEN | [BUTTONCONTROL:NAME]CLOSE | [LEGACY:DESC]CLOSES THE WINDOW | CUSTOM  CONTAINER | CONTROL  CONTAINER | CUSTOM  CONTAINER | CONTROL  CONTAINER | SAP'S ADVANCED TREELIST | CUSTOM  CONTAINER | CONTROL  CONTAINER
2026-06-30 14:24:37 | SUCCESS  |   ✓ [B362] 330005 — WH02, WT01 DITAMBAH
2026-06-30 14:24:37 | INFO     | [  17/125]  330005  →  Plant: B363
2026-06-30 14:24:37 | DEBUG    |   Isi Material: 330005
2026-06-30 14:24:39 | DEBUG    |   Isi Plant: B363
2026-06-30 14:24:42 | DEBUG    |   [DEBUG] Mundur ke-1: 'WH01'
2026-06-30 14:24:43 | DEBUG    |   [DEBUG] Mundur ke-2: ''
2026-06-30 14:24:43 | DEBUG    |   [DEBUG] SLoc yang terbaca: ['WH01']
2026-06-30 14:24:43 | INFO     |   Isi SLoc yang belum ada: WH02, WT01
2026-06-30 14:24:44 | DEBUG    |   SLoc baru: WH02
2026-06-30 14:24:45 | DEBUG    |   SLoc baru: WT01
2026-06-30 14:24:46 | DEBUG    |   [DEBUG] Jumlah elemen terbaca: 22
2026-06-30 14:24:46 | DEBUG    |   [DEBUG] Status text: [WINDOWCONTROL:NAME]ENTER STORAGE LOCATIONS COLLECTIVELY: LIST | [BUTTONCONTROL:NAME]OPEN | [BUTTONCONTROL:NAME]DELETE | [LEGACY:DESC]DELETE   (SHIFT+F2) | [LEGACY:VALUE]ENTER STORAGE LOCATIONS COLLECTIVELY: LIST | [LEGACY:DESC]DISPLAYS THE NAME OF THE WINDOW AND CONTAINS CONTROLS TO MANIPULATE IT | [MENUBARCONTROL:NAME]SYSTEM | [LEGACY:DESC]CONTAINS COMMANDS TO MANIPULATE THE WINDOW | [MENUITEMCONTROL:NAME]SYSTEM | [BUTTONCONTROL:NAME]MINIMIZE | [LEGACY:DESC]MOVES THE WINDOW OUT OF THE WAY | [BUTTONCONTROL:NAME]MAXIMIZE | [LEGACY:DESC]MAKES THE WINDOW FULL SCREEN | [BUTTONCONTROL:NAME]CLOSE | [LEGACY:DESC]CLOSES THE WINDOW | CUSTOM  CONTAINER | CONTROL  CONTAINER | CUSTOM  CONTAINER | CONTROL  CONTAINER | SAP'S ADVANCED TREELIST | CUSTOM  CONTAINER | CONTROL  CONTAINER
2026-06-30 14:24:48 | SUCCESS  |   ✓ [B363] 330005 — WH02, WT01 DITAMBAH
2026-06-30 14:24:48 | INFO     | [  18/125]  330005  →  Plant: B364
2026-06-30 14:24:48 | DEBUG    |   Isi Material: 330005
2026-06-30 14:24:49 | DEBUG    |   Isi Plant: B364
2026-06-30 14:24:53 | DEBUG    |   [DEBUG] Mundur ke-1: 'WH01'
2026-06-30 14:24:53 | DEBUG    |   [DEBUG] Mundur ke-2: ''
2026-06-30 14:24:54 | DEBUG    |   [DEBUG] SLoc yang terbaca: ['WH01']
2026-06-30 14:24:54 | INFO     |   Isi SLoc yang belum ada: WH02, WT01
2026-06-30 14:24:54 | DEBUG    |   SLoc baru: WH02
2026-06-30 14:24:55 | DEBUG    |   SLoc baru: WT01
2026-06-30 14:24:56 | DEBUG    |   [DEBUG] Jumlah elemen terbaca: 22
2026-06-30 14:24:56 | DEBUG    |   [DEBUG] Status text: [WINDOWCONTROL:NAME]ENTER STORAGE LOCATIONS COLLECTIVELY: LIST | [BUTTONCONTROL:NAME]OPEN | [BUTTONCONTROL:NAME]DELETE | [LEGACY:DESC]DELETE   (SHIFT+F2) | [LEGACY:VALUE]ENTER STORAGE LOCATIONS COLLECTIVELY: LIST | [LEGACY:DESC]DISPLAYS THE NAME OF THE WINDOW AND CONTAINS CONTROLS TO MANIPULATE IT | [MENUBARCONTROL:NAME]SYSTEM | [LEGACY:DESC]CONTAINS COMMANDS TO MANIPULATE THE WINDOW | [MENUITEMCONTROL:NAME]SYSTEM | [BUTTONCONTROL:NAME]MINIMIZE | [LEGACY:DESC]MOVES THE WINDOW OUT OF THE WAY | [BUTTONCONTROL:NAME]MAXIMIZE | [LEGACY:DESC]MAKES THE WINDOW FULL SCREEN | [BUTTONCONTROL:NAME]CLOSE | [LEGACY:DESC]CLOSES THE WINDOW | CUSTOM  CONTAINER | CONTROL  CONTAINER | CUSTOM  CONTAINER | CONTROL  CONTAINER | SAP'S ADVANCED TREELIST | CUSTOM  CONTAINER | CONTROL  CONTAINER
2026-06-30 14:24:58 | SUCCESS  |   ✓ [B364] 330005 — WH02, WT01 DITAMBAH
2026-06-30 14:24:58 | INFO     | [  19/125]  330005  →  Plant: B365
2026-06-30 14:24:58 | DEBUG    |   Isi Material: 330005
2026-06-30 14:25:00 | DEBUG    |   Isi Plant: B365
2026-06-30 14:25:03 | DEBUG    |   [DEBUG] Mundur ke-1: 'WH01'
2026-06-30 14:25:04 | DEBUG    |   [DEBUG] Mundur ke-2: ''
2026-06-30 14:25:04 | DEBUG    |   [DEBUG] SLoc yang terbaca: ['WH01']
2026-06-30 14:25:04 | INFO     |   Isi SLoc yang belum ada: WH02, WT01
2026-06-30 14:25:04 | DEBUG    |   SLoc baru: WH02
2026-06-30 14:25:05 | DEBUG    |   SLoc baru: WT01
2026-06-30 14:25:06 | DEBUG    |   [DEBUG] Jumlah elemen terbaca: 22
2026-06-30 14:25:06 | DEBUG    |   [DEBUG] Status text: [WINDOWCONTROL:NAME]ENTER STORAGE LOCATIONS COLLECTIVELY: LIST | [BUTTONCONTROL:NAME]OPEN | [BUTTONCONTROL:NAME]DELETE | [LEGACY:DESC]DELETE   (SHIFT+F2) | [LEGACY:VALUE]ENTER STORAGE LOCATIONS COLLECTIVELY: LIST | [LEGACY:DESC]DISPLAYS THE NAME OF THE WINDOW AND CONTAINS CONTROLS TO MANIPULATE IT | [MENUBARCONTROL:NAME]SYSTEM | [LEGACY:DESC]CONTAINS COMMANDS TO MANIPULATE THE WINDOW | [MENUITEMCONTROL:NAME]SYSTEM | [BUTTONCONTROL:NAME]MINIMIZE | [LEGACY:DESC]MOVES THE WINDOW OUT OF THE WAY | [BUTTONCONTROL:NAME]MAXIMIZE | [LEGACY:DESC]MAKES THE WINDOW FULL SCREEN | [BUTTONCONTROL:NAME]CLOSE | [LEGACY:DESC]CLOSES THE WINDOW | CUSTOM  CONTAINER | CONTROL  CONTAINER | CUSTOM  CONTAINER | CONTROL  CONTAINER | SAP'S ADVANCED TREELIST | CUSTOM  CONTAINER | CONTROL  CONTAINER
2026-06-30 14:25:08 | SUCCESS  |   ✓ [B365] 330005 — WH02, WT01 DITAMBAH
2026-06-30 14:25:08 | INFO     | [  20/125]  330005  →  Plant: B366
2026-06-30 14:25:08 | DEBUG    |   Isi Material: 330005
2026-06-30 14:25:10 | DEBUG    |   Isi Plant: B366
2026-06-30 14:25:13 | DEBUG    |   [DEBUG] Mundur ke-1: 'WH01'
2026-06-30 14:25:14 | DEBUG    |   [DEBUG] Mundur ke-2: ''
2026-06-30 14:25:14 | DEBUG    |   [DEBUG] SLoc yang terbaca: ['WH01']
2026-06-30 14:25:14 | INFO     |   Isi SLoc yang belum ada: WH02, WT01
2026-06-30 14:25:15 | DEBUG    |   SLoc baru: WH02
2026-06-30 14:25:16 | DEBUG    |   SLoc baru: WT01
2026-06-30 14:25:17 | DEBUG    |   [DEBUG] Jumlah elemen terbaca: 22
2026-06-30 14:25:17 | DEBUG    |   [DEBUG] Status text: [WINDOWCONTROL:NAME]ENTER STORAGE LOCATIONS COLLECTIVELY: LIST | [BUTTONCONTROL:NAME]OPEN | [BUTTONCONTROL:NAME]DELETE | [LEGACY:DESC]DELETE   (SHIFT+F2) | [LEGACY:VALUE]ENTER STORAGE LOCATIONS COLLECTIVELY: LIST | [LEGACY:DESC]DISPLAYS THE NAME OF THE WINDOW AND CONTAINS CONTROLS TO MANIPULATE IT | [MENUBARCONTROL:NAME]SYSTEM | [LEGACY:DESC]CONTAINS COMMANDS TO MANIPULATE THE WINDOW | [MENUITEMCONTROL:NAME]SYSTEM | [BUTTONCONTROL:NAME]MINIMIZE | [LEGACY:DESC]MOVES THE WINDOW OUT OF THE WAY | [BUTTONCONTROL:NAME]MAXIMIZE | [LEGACY:DESC]MAKES THE WINDOW FULL SCREEN | [BUTTONCONTROL:NAME]CLOSE | [LEGACY:DESC]CLOSES THE WINDOW | CUSTOM  CONTAINER | CONTROL  CONTAINER | CUSTOM  CONTAINER | CONTROL  CONTAINER | SAP'S ADVANCED TREELIST | CUSTOM  CONTAINER | CONTROL  CONTAINER
2026-06-30 14:25:19 | SUCCESS  |   ✓ [B366] 330005 — WH02, WT01 DITAMBAH
2026-06-30 14:25:19 | INFO     | [  21/125]  330005  →  Plant: B367
2026-06-30 14:25:19 | DEBUG    |   Isi Material: 330005
2026-06-30 14:25:20 | DEBUG    |   Isi Plant: B367
2026-06-30 14:25:24 | DEBUG    |   [DEBUG] Mundur ke-1: 'WH01'
2026-06-30 14:25:24 | DEBUG    |   [DEBUG] Mundur ke-2: ''
2026-06-30 14:25:25 | DEBUG    |   [DEBUG] SLoc yang terbaca: ['WH01']
2026-06-30 14:25:25 | INFO     |   Isi SLoc yang belum ada: WH02, WT01
2026-06-30 14:25:25 | DEBUG    |   SLoc baru: WH02
2026-06-30 14:25:26 | DEBUG    |   SLoc baru: WT01
2026-06-30 14:25:27 | DEBUG    |   [DEBUG] Jumlah elemen terbaca: 22
2026-06-30 14:25:27 | DEBUG    |   [DEBUG] Status text: [WINDOWCONTROL:NAME]ENTER STORAGE LOCATIONS COLLECTIVELY: LIST | [BUTTONCONTROL:NAME]OPEN | [BUTTONCONTROL:NAME]DELETE | [LEGACY:DESC]DELETE   (SHIFT+F2) | [LEGACY:VALUE]ENTER STORAGE LOCATIONS COLLECTIVELY: LIST | [LEGACY:DESC]DISPLAYS THE NAME OF THE WINDOW AND CONTAINS CONTROLS TO MANIPULATE IT | [MENUBARCONTROL:NAME]SYSTEM | [LEGACY:DESC]CONTAINS COMMANDS TO MANIPULATE THE WINDOW | [MENUITEMCONTROL:NAME]SYSTEM | [BUTTONCONTROL:NAME]MINIMIZE | [LEGACY:DESC]MOVES THE WINDOW OUT OF THE WAY | [BUTTONCONTROL:NAME]MAXIMIZE | [LEGACY:DESC]MAKES THE WINDOW FULL SCREEN | [BUTTONCONTROL:NAME]CLOSE | [LEGACY:DESC]CLOSES THE WINDOW | CUSTOM  CONTAINER | CONTROL  CONTAINER | CUSTOM  CONTAINER | CONTROL  CONTAINER | SAP'S ADVANCED TREELIST | CUSTOM  CONTAINER | CONTROL  CONTAINER
2026-06-30 14:25:29 | SUCCESS  |   ✓ [B367] 330005 — WH02, WT01 DITAMBAH
2026-06-30 14:25:29 | INFO     | [  22/125]  330005  →  Plant: B368
2026-06-30 14:25:29 | DEBUG    |   Isi Material: 330005
2026-06-30 14:25:31 | DEBUG    |   Isi Plant: B368
2026-06-30 14:25:34 | DEBUG    |   [DEBUG] Mundur ke-1: 'WH01'
2026-06-30 14:25:35 | DEBUG    |   [DEBUG] Mundur ke-2: ''
2026-06-30 14:25:35 | DEBUG    |   [DEBUG] SLoc yang terbaca: ['WH01']
2026-06-30 14:25:35 | INFO     |   Isi SLoc yang belum ada: WH02, WT01
2026-06-30 14:25:35 | DEBUG    |   SLoc baru: WH02
2026-06-30 14:25:36 | DEBUG    |   SLoc baru: WT01
2026-06-30 14:25:37 | DEBUG    |   [DEBUG] Jumlah elemen terbaca: 22
2026-06-30 14:25:37 | DEBUG    |   [DEBUG] Status text: [WINDOWCONTROL:NAME]ENTER STORAGE LOCATIONS COLLECTIVELY: LIST | [BUTTONCONTROL:NAME]OPEN | [BUTTONCONTROL:NAME]DELETE | [LEGACY:DESC]DELETE   (SHIFT+F2) | [LEGACY:VALUE]ENTER STORAGE LOCATIONS COLLECTIVELY: LIST | [LEGACY:DESC]DISPLAYS THE NAME OF THE WINDOW AND CONTAINS CONTROLS TO MANIPULATE IT | [MENUBARCONTROL:NAME]SYSTEM | [LEGACY:DESC]CONTAINS COMMANDS TO MANIPULATE THE WINDOW | [MENUITEMCONTROL:NAME]SYSTEM | [BUTTONCONTROL:NAME]MINIMIZE | [LEGACY:DESC]MOVES THE WINDOW OUT OF THE WAY | [BUTTONCONTROL:NAME]MAXIMIZE | [LEGACY:DESC]MAKES THE WINDOW FULL SCREEN | [BUTTONCONTROL:NAME]CLOSE | [LEGACY:DESC]CLOSES THE WINDOW | CUSTOM  CONTAINER | CONTROL  CONTAINER | CUSTOM  CONTAINER | CONTROL  CONTAINER | SAP'S ADVANCED TREELIST | CUSTOM  CONTAINER | CONTROL  CONTAINER
2026-06-30 14:25:39 | SUCCESS  |   ✓ [B368] 330005 — WH02, WT01 DITAMBAH
2026-06-30 14:25:39 | INFO     | [  23/125]  330005  →  Plant: B369
2026-06-30 14:25:39 | DEBUG    |   Isi Material: 330005
2026-06-30 14:25:41 | DEBUG    |   Isi Plant: B369
2026-06-30 14:25:45 | DEBUG    |   [DEBUG] Mundur ke-1: 'WH01'
2026-06-30 14:25:45 | DEBUG    |   [DEBUG] Mundur ke-2: ''
2026-06-30 14:25:45 | DEBUG    |   [DEBUG] SLoc yang terbaca: ['WH01']
2026-06-30 14:25:45 | INFO     |   Isi SLoc yang belum ada: WH02, WT01
2026-06-30 14:25:46 | DEBUG    |   SLoc baru: WH02
2026-06-30 14:25:47 | DEBUG    |   SLoc baru: WT01
2026-06-30 14:25:48 | DEBUG    |   [DEBUG] Jumlah elemen terbaca: 22
2026-06-30 14:25:48 | DEBUG    |   [DEBUG] Status text: [WINDOWCONTROL:NAME]ENTER STORAGE LOCATIONS COLLECTIVELY: LIST | [BUTTONCONTROL:NAME]OPEN | [BUTTONCONTROL:NAME]DELETE | [LEGACY:DESC]DELETE   (SHIFT+F2) | [LEGACY:VALUE]ENTER STORAGE LOCATIONS COLLECTIVELY: LIST | [LEGACY:DESC]DISPLAYS THE NAME OF THE WINDOW AND CONTAINS CONTROLS TO MANIPULATE IT | [MENUBARCONTROL:NAME]SYSTEM | [LEGACY:DESC]CONTAINS COMMANDS TO MANIPULATE THE WINDOW | [MENUITEMCONTROL:NAME]SYSTEM | [BUTTONCONTROL:NAME]MINIMIZE | [LEGACY:DESC]MOVES THE WINDOW OUT OF THE WAY | [BUTTONCONTROL:NAME]MAXIMIZE | [LEGACY:DESC]MAKES THE WINDOW FULL SCREEN | [BUTTONCONTROL:NAME]CLOSE | [LEGACY:DESC]CLOSES THE WINDOW | CUSTOM  CONTAINER | CONTROL  CONTAINER | CUSTOM  CONTAINER | CONTROL  CONTAINER | SAP'S ADVANCED TREELIST | CUSTOM  CONTAINER | CONTROL  CONTAINER
2026-06-30 14:25:50 | SUCCESS  |   ✓ [B369] 330005 — WH02, WT01 DITAMBAH
2026-06-30 14:25:50 | INFO     | [  24/125]  330005  →  Plant: B373
2026-06-30 14:25:50 | DEBUG    |   Isi Material: 330005
2026-06-30 14:25:51 | DEBUG    |   Isi Plant: B373
2026-06-30 14:25:55 | DEBUG    |   [DEBUG] Mundur ke-1: 'WH01'
2026-06-30 14:25:55 | DEBUG    |   [DEBUG] Mundur ke-2: ''
2026-06-30 14:25:56 | DEBUG    |   [DEBUG] SLoc yang terbaca: ['WH01']
2026-06-30 14:25:56 | INFO     |   Isi SLoc yang belum ada: WH02, WT01
2026-06-30 14:25:56 | DEBUG    |   SLoc baru: WH02
2026-06-30 14:25:57 | DEBUG    |   SLoc baru: WT01
2026-06-30 14:25:58 | DEBUG    |   [DEBUG] Jumlah elemen terbaca: 22
2026-06-30 14:25:58 | DEBUG    |   [DEBUG] Status text: [WINDOWCONTROL:NAME]ENTER STORAGE LOCATIONS COLLECTIVELY: LIST | [BUTTONCONTROL:NAME]OPEN | [BUTTONCONTROL:NAME]DELETE | [LEGACY:DESC]DELETE   (SHIFT+F2) | [LEGACY:VALUE]ENTER STORAGE LOCATIONS COLLECTIVELY: LIST | [LEGACY:DESC]DISPLAYS THE NAME OF THE WINDOW AND CONTAINS CONTROLS TO MANIPULATE IT | [MENUBARCONTROL:NAME]SYSTEM | [LEGACY:DESC]CONTAINS COMMANDS TO MANIPULATE THE WINDOW | [MENUITEMCONTROL:NAME]SYSTEM | [BUTTONCONTROL:NAME]MINIMIZE | [LEGACY:DESC]MOVES THE WINDOW OUT OF THE WAY | [BUTTONCONTROL:NAME]MAXIMIZE | [LEGACY:DESC]MAKES THE WINDOW FULL SCREEN | [BUTTONCONTROL:NAME]CLOSE | [LEGACY:DESC]CLOSES THE WINDOW | CUSTOM  CONTAINER | CONTROL  CONTAINER | CUSTOM  CONTAINER | CONTROL  CONTAINER | SAP'S ADVANCED TREELIST | CUSTOM  CONTAINER | CONTROL  CONTAINER
2026-06-30 14:26:00 | SUCCESS  |   ✓ [B373] 330005 — WH02, WT01 DITAMBAH
2026-06-30 14:26:00 | INFO     | [  25/125]  330005  →  Plant: B394
2026-06-30 14:26:00 | DEBUG    |   Isi Material: 330005
2026-06-30 14:26:02 | DEBUG    |   Isi Plant: B394
2026-06-30 14:26:05 | WARNING  |   [SKIP] [B394] 330005 -- Error SAP (locked/not exist), lanjut plant berikutnya
2026-06-30 14:26:05 | INFO     | [  26/125]  411074  →  Plant: B200
2026-06-30 14:26:05 | DEBUG    |   Isi Material: 411074
2026-06-30 14:26:07 | DEBUG    |   Isi Plant: B200
2026-06-30 14:26:10 | DEBUG    |   [DEBUG] Mundur ke-1: 'WH01'
2026-06-30 14:26:11 | DEBUG    |   [DEBUG] Mundur ke-2: ''
2026-06-30 14:26:11 | DEBUG    |   [DEBUG] SLoc yang terbaca: ['WH01']
2026-06-30 14:26:11 | INFO     |   Isi SLoc yang belum ada: WH02, WT01
2026-06-30 14:26:12 | DEBUG    |   SLoc baru: WH02
2026-06-30 14:26:13 | DEBUG    |   SLoc baru: WT01
2026-06-30 14:26:13 | DEBUG    |   [DEBUG] Jumlah elemen terbaca: 22
2026-06-30 14:26:13 | DEBUG    |   [DEBUG] Status text: [WINDOWCONTROL:NAME]ENTER STORAGE LOCATIONS COLLECTIVELY: LIST | [BUTTONCONTROL:NAME]OPEN | [BUTTONCONTROL:NAME]DELETE | [LEGACY:DESC]DELETE   (SHIFT+F2) | [LEGACY:VALUE]ENTER STORAGE LOCATIONS COLLECTIVELY: LIST | [LEGACY:DESC]DISPLAYS THE NAME OF THE WINDOW AND CONTAINS CONTROLS TO MANIPULATE IT | [MENUBARCONTROL:NAME]SYSTEM | [LEGACY:DESC]CONTAINS COMMANDS TO MANIPULATE THE WINDOW | [MENUITEMCONTROL:NAME]SYSTEM | [BUTTONCONTROL:NAME]MINIMIZE | [LEGACY:DESC]MOVES THE WINDOW OUT OF THE WAY | [BUTTONCONTROL:NAME]MAXIMIZE | [LEGACY:DESC]MAKES THE WINDOW FULL SCREEN | [BUTTONCONTROL:NAME]CLOSE | [LEGACY:DESC]CLOSES THE WINDOW | CUSTOM  CONTAINER | CONTROL  CONTAINER | CUSTOM  CONTAINER | CONTROL  CONTAINER | SAP'S ADVANCED TREELIST | CUSTOM  CONTAINER | CONTROL  CONTAINER
2026-06-30 14:26:16 | SUCCESS  |   ✓ [B200] 411074 — WH02, WT01 DITAMBAH
2026-06-30 14:26:16 | INFO     | [  27/125]  411074  →  Plant: B201
2026-06-30 14:26:16 | DEBUG    |   Isi Material: 411074
2026-06-30 14:26:17 | DEBUG    |   Isi Plant: B201
2026-06-30 14:26:21 | DEBUG    |   [DEBUG] Mundur ke-1: 'WH01'
2026-06-30 14:26:21 | DEBUG    |   [DEBUG] Mundur ke-2: ''
2026-06-30 14:26:22 | DEBUG    |   [DEBUG] SLoc yang terbaca: ['WH01']
2026-06-30 14:26:22 | INFO     |   Isi SLoc yang belum ada: WH02, WT01
2026-06-30 14:26:22 | DEBUG    |   SLoc baru: WH02
2026-06-30 14:26:23 | DEBUG    |   SLoc baru: WT01
2026-06-30 14:26:24 | DEBUG    |   [DEBUG] Jumlah elemen terbaca: 22
2026-06-30 14:26:24 | DEBUG    |   [DEBUG] Status text: [WINDOWCONTROL:NAME]ENTER STORAGE LOCATIONS COLLECTIVELY: LIST | [BUTTONCONTROL:NAME]OPEN | [BUTTONCONTROL:NAME]DELETE | [LEGACY:DESC]DELETE   (SHIFT+F2) | [LEGACY:VALUE]ENTER STORAGE LOCATIONS COLLECTIVELY: LIST | [LEGACY:DESC]DISPLAYS THE NAME OF THE WINDOW AND CONTAINS CONTROLS TO MANIPULATE IT | [MENUBARCONTROL:NAME]SYSTEM | [LEGACY:DESC]CONTAINS COMMANDS TO MANIPULATE THE WINDOW | [MENUITEMCONTROL:NAME]SYSTEM | [BUTTONCONTROL:NAME]MINIMIZE | [LEGACY:DESC]MOVES THE WINDOW OUT OF THE WAY | [BUTTONCONTROL:NAME]MAXIMIZE | [LEGACY:DESC]MAKES THE WINDOW FULL SCREEN | [BUTTONCONTROL:NAME]CLOSE | [LEGACY:DESC]CLOSES THE WINDOW | CUSTOM  CONTAINER | CONTROL  CONTAINER | CUSTOM  CONTAINER | CONTROL  CONTAINER | SAP'S ADVANCED TREELIST | CUSTOM  CONTAINER | CONTROL  CONTAINER
2026-06-30 14:26:26 | SUCCESS  |   ✓ [B201] 411074 — WH02, WT01 DITAMBAH
2026-06-30 14:26:26 | INFO     | [  28/125]  411074  →  Plant: B202
2026-06-30 14:26:26 | DEBUG    |   Isi Material: 411074
2026-06-30 14:26:28 | DEBUG    |   Isi Plant: B202
2026-06-30 14:26:31 | DEBUG    |   [DEBUG] Mundur ke-1: 'WH01'
2026-06-30 14:26:32 | DEBUG    |   [DEBUG] Mundur ke-2: ''
2026-06-30 14:26:32 | DEBUG    |   [DEBUG] SLoc yang terbaca: ['WH01']
2026-06-30 14:26:32 | INFO     |   Isi SLoc yang belum ada: WH02, WT01
2026-06-30 14:26:32 | DEBUG    |   SLoc baru: WH02
2026-06-30 14:26:33 | DEBUG    |   SLoc baru: WT01
2026-06-30 14:26:34 | DEBUG    |   [DEBUG] Jumlah elemen terbaca: 22
2026-06-30 14:26:34 | DEBUG    |   [DEBUG] Status text: [WINDOWCONTROL:NAME]ENTER STORAGE LOCATIONS COLLECTIVELY: LIST | [BUTTONCONTROL:NAME]OPEN | [BUTTONCONTROL:NAME]DELETE | [LEGACY:DESC]DELETE   (SHIFT+F2) | [LEGACY:VALUE]ENTER STORAGE LOCATIONS COLLECTIVELY: LIST | [LEGACY:DESC]DISPLAYS THE NAME OF THE WINDOW AND CONTAINS CONTROLS TO MANIPULATE IT | [MENUBARCONTROL:NAME]SYSTEM | [LEGACY:DESC]CONTAINS COMMANDS TO MANIPULATE THE WINDOW | [MENUITEMCONTROL:NAME]SYSTEM | [BUTTONCONTROL:NAME]MINIMIZE | [LEGACY:DESC]MOVES THE WINDOW OUT OF THE WAY | [BUTTONCONTROL:NAME]MAXIMIZE | [LEGACY:DESC]MAKES THE WINDOW FULL SCREEN | [BUTTONCONTROL:NAME]CLOSE | [LEGACY:DESC]CLOSES THE WINDOW | CUSTOM  CONTAINER | CONTROL  CONTAINER | CUSTOM  CONTAINER | CONTROL  CONTAINER | SAP'S ADVANCED TREELIST | CUSTOM  CONTAINER | CONTROL  CONTAINER
2026-06-30 14:26:36 | SUCCESS  |   ✓ [B202] 411074 — WH02, WT01 DITAMBAH
2026-06-30 14:26:36 | INFO     | [  29/125]  411074  →  Plant: B203
2026-06-30 14:26:36 | DEBUG    |   Isi Material: 411074
2026-06-30 14:26:38 | DEBUG    |   Isi Plant: B203
2026-06-30 14:26:41 | DEBUG    |   [DEBUG] Mundur ke-1: 'WH01'
2026-06-30 14:26:42 | DEBUG    |   [DEBUG] Mundur ke-2: ''
2026-06-30 14:26:42 | DEBUG    |   [DEBUG] SLoc yang terbaca: ['WH01']
2026-06-30 14:26:42 | INFO     |   Isi SLoc yang belum ada: WH02, WT01
2026-06-30 14:26:43 | DEBUG    |   SLoc baru: WH02
2026-06-30 14:26:44 | DEBUG    |   SLoc baru: WT01
2026-06-30 14:26:45 | DEBUG    |   [DEBUG] Jumlah elemen terbaca: 22
2026-06-30 14:26:45 | DEBUG    |   [DEBUG] Status text: [WINDOWCONTROL:NAME]ENTER STORAGE LOCATIONS COLLECTIVELY: LIST | [BUTTONCONTROL:NAME]OPEN | [BUTTONCONTROL:NAME]DELETE | [LEGACY:DESC]DELETE   (SHIFT+F2) | [LEGACY:VALUE]ENTER STORAGE LOCATIONS COLLECTIVELY: LIST | [LEGACY:DESC]DISPLAYS THE NAME OF THE WINDOW AND CONTAINS CONTROLS TO MANIPULATE IT | [MENUBARCONTROL:NAME]SYSTEM | [LEGACY:DESC]CONTAINS COMMANDS TO MANIPULATE THE WINDOW | [MENUITEMCONTROL:NAME]SYSTEM | [BUTTONCONTROL:NAME]MINIMIZE | [LEGACY:DESC]MOVES THE WINDOW OUT OF THE WAY | [BUTTONCONTROL:NAME]MAXIMIZE | [LEGACY:DESC]MAKES THE WINDOW FULL SCREEN | [BUTTONCONTROL:NAME]CLOSE | [LEGACY:DESC]CLOSES THE WINDOW | CUSTOM  CONTAINER | CONTROL  CONTAINER | CUSTOM  CONTAINER | CONTROL  CONTAINER | SAP'S ADVANCED TREELIST | CUSTOM  CONTAINER | CONTROL  CONTAINER
2026-06-30 14:26:47 | SUCCESS  |   ✓ [B203] 411074 — WH02, WT01 DITAMBAH
2026-06-30 14:26:47 | INFO     | [  30/125]  411074  →  Plant: B204
2026-06-30 14:26:47 | DEBUG    |   Isi Material: 411074
2026-06-30 14:26:48 | DEBUG    |   Isi Plant: B204
2026-06-30 14:26:52 | DEBUG    |   [DEBUG] Mundur ke-1: 'WH01'
2026-06-30 14:26:52 | DEBUG    |   [DEBUG] Mundur ke-2: ''
2026-06-30 14:26:53 | DEBUG    |   [DEBUG] SLoc yang terbaca: ['WH01']
2026-06-30 14:26:53 | INFO     |   Isi SLoc yang belum ada: WH02, WT01
2026-06-30 14:26:53 | DEBUG    |   SLoc baru: WH02
2026-06-30 14:26:54 | DEBUG    |   SLoc baru: WT01
2026-06-30 14:26:55 | DEBUG    |   [DEBUG] Jumlah elemen terbaca: 22
2026-06-30 14:26:55 | DEBUG    |   [DEBUG] Status text: [WINDOWCONTROL:NAME]ENTER STORAGE LOCATIONS COLLECTIVELY: LIST | [BUTTONCONTROL:NAME]OPEN | [BUTTONCONTROL:NAME]DELETE | [LEGACY:DESC]DELETE   (SHIFT+F2) | [LEGACY:VALUE]ENTER STORAGE LOCATIONS COLLECTIVELY: LIST | [LEGACY:DESC]DISPLAYS THE NAME OF THE WINDOW AND CONTAINS CONTROLS TO MANIPULATE IT | [MENUBARCONTROL:NAME]SYSTEM | [LEGACY:DESC]CONTAINS COMMANDS TO MANIPULATE THE WINDOW | [MENUITEMCONTROL:NAME]SYSTEM | [BUTTONCONTROL:NAME]MINIMIZE | [LEGACY:DESC]MOVES THE WINDOW OUT OF THE WAY | [BUTTONCONTROL:NAME]MAXIMIZE | [LEGACY:DESC]MAKES THE WINDOW FULL SCREEN | [BUTTONCONTROL:NAME]CLOSE | [LEGACY:DESC]CLOSES THE WINDOW | CUSTOM  CONTAINER | CONTROL  CONTAINER | CUSTOM  CONTAINER | CONTROL  CONTAINER | SAP'S ADVANCED TREELIST | CUSTOM  CONTAINER | CONTROL  CONTAINER
2026-06-30 14:26:57 | SUCCESS  |   ✓ [B204] 411074 — WH02, WT01 DITAMBAH
2026-06-30 14:26:57 | INFO     | [  31/125]  411074  →  Plant: B205
2026-06-30 14:26:57 | DEBUG    |   Isi Material: 411074
2026-06-30 14:26:59 | DEBUG    |   Isi Plant: B205
2026-06-30 14:27:02 | DEBUG    |   [DEBUG] Mundur ke-1: 'WH01'
2026-06-30 14:27:03 | DEBUG    |   [DEBUG] Mundur ke-2: ''
2026-06-30 14:27:03 | DEBUG    |   [DEBUG] SLoc yang terbaca: ['WH01']
2026-06-30 14:27:03 | INFO     |   Isi SLoc yang belum ada: WH02, WT01
2026-06-30 14:27:03 | DEBUG    |   SLoc baru: WH02
2026-06-30 14:27:04 | DEBUG    |   SLoc baru: WT01
2026-06-30 14:27:05 | DEBUG    |   [DEBUG] Jumlah elemen terbaca: 22
2026-06-30 14:27:05 | DEBUG    |   [DEBUG] Status text: [WINDOWCONTROL:NAME]ENTER STORAGE LOCATIONS COLLECTIVELY: LIST | [BUTTONCONTROL:NAME]OPEN | [BUTTONCONTROL:NAME]DELETE | [LEGACY:DESC]DELETE   (SHIFT+F2) | [LEGACY:VALUE]ENTER STORAGE LOCATIONS COLLECTIVELY: LIST | [LEGACY:DESC]DISPLAYS THE NAME OF THE WINDOW AND CONTAINS CONTROLS TO MANIPULATE IT | [MENUBARCONTROL:NAME]SYSTEM | [LEGACY:DESC]CONTAINS COMMANDS TO MANIPULATE THE WINDOW | [MENUITEMCONTROL:NAME]SYSTEM | [BUTTONCONTROL:NAME]MINIMIZE | [LEGACY:DESC]MOVES THE WINDOW OUT OF THE WAY | [BUTTONCONTROL:NAME]MAXIMIZE | [LEGACY:DESC]MAKES THE WINDOW FULL SCREEN | [BUTTONCONTROL:NAME]CLOSE | [LEGACY:DESC]CLOSES THE WINDOW | CUSTOM  CONTAINER | CONTROL  CONTAINER | CUSTOM  CONTAINER | CONTROL  CONTAINER | SAP'S ADVANCED TREELIST | CUSTOM  CONTAINER | CONTROL  CONTAINER
2026-06-30 14:27:07 | SUCCESS  |   ✓ [B205] 411074 — WH02, WT01 DITAMBAH
2026-06-30 14:27:07 | INFO     | [  32/125]  411074  →  Plant: B351
2026-06-30 14:27:07 | DEBUG    |   Isi Material: 411074
2026-06-30 14:27:09 | DEBUG    |   Isi Plant: B351
2026-06-30 14:27:13 | DEBUG    |   [DEBUG] Mundur ke-1: 'WH01'
2026-06-30 14:27:13 | DEBUG    |   [DEBUG] Mundur ke-2: ''
2026-06-30 14:27:13 | DEBUG    |   [DEBUG] SLoc yang terbaca: ['WH01']
2026-06-30 14:27:13 | INFO     |   Isi SLoc yang belum ada: WH02, WT01
2026-06-30 14:27:14 | DEBUG    |   SLoc baru: WH02
2026-06-30 14:27:15 | DEBUG    |   SLoc baru: WT01
2026-06-30 14:27:16 | DEBUG    |   [DEBUG] Jumlah elemen terbaca: 22
2026-06-30 14:27:16 | DEBUG    |   [DEBUG] Status text: [WINDOWCONTROL:NAME]ENTER STORAGE LOCATIONS COLLECTIVELY: LIST | [BUTTONCONTROL:NAME]OPEN | [BUTTONCONTROL:NAME]DELETE | [LEGACY:DESC]DELETE   (SHIFT+F2) | [LEGACY:VALUE]ENTER STORAGE LOCATIONS COLLECTIVELY: LIST | [LEGACY:DESC]DISPLAYS THE NAME OF THE WINDOW AND CONTAINS CONTROLS TO MANIPULATE IT | [MENUBARCONTROL:NAME]SYSTEM | [LEGACY:DESC]CONTAINS COMMANDS TO MANIPULATE THE WINDOW | [MENUITEMCONTROL:NAME]SYSTEM | [BUTTONCONTROL:NAME]MINIMIZE | [LEGACY:DESC]MOVES THE WINDOW OUT OF THE WAY | [BUTTONCONTROL:NAME]MAXIMIZE | [LEGACY:DESC]MAKES THE WINDOW FULL SCREEN | [BUTTONCONTROL:NAME]CLOSE | [LEGACY:DESC]CLOSES THE WINDOW | CUSTOM  CONTAINER | CONTROL  CONTAINER | CUSTOM  CONTAINER | CONTROL  CONTAINER | SAP'S ADVANCED TREELIST | CUSTOM  CONTAINER | CONTROL  CONTAINER
2026-06-30 14:27:18 | SUCCESS  |   ✓ [B351] 411074 — WH02, WT01 DITAMBAH
2026-06-30 14:27:18 | INFO     | [  33/125]  411074  →  Plant: B352
2026-06-30 14:27:18 | DEBUG    |   Isi Material: 411074
2026-06-30 14:27:19 | DEBUG    |   Isi Plant: B352
2026-06-30 14:27:23 | DEBUG    |   [DEBUG] Mundur ke-1: 'WH01'
2026-06-30 14:27:23 | DEBUG    |   [DEBUG] Mundur ke-2: ''
2026-06-30 14:27:24 | DEBUG    |   [DEBUG] SLoc yang terbaca: ['WH01']
2026-06-30 14:27:24 | INFO     |   Isi SLoc yang belum ada: WH02, WT01
2026-06-30 14:27:24 | DEBUG    |   SLoc baru: WH02
2026-06-30 14:27:25 | DEBUG    |   SLoc baru: WT01
2026-06-30 14:27:26 | DEBUG    |   [DEBUG] Jumlah elemen terbaca: 22
2026-06-30 14:27:26 | DEBUG    |   [DEBUG] Status text: [WINDOWCONTROL:NAME]ENTER STORAGE LOCATIONS COLLECTIVELY: LIST | [BUTTONCONTROL:NAME]OPEN | [BUTTONCONTROL:NAME]DELETE | [LEGACY:DESC]DELETE   (SHIFT+F2) | [LEGACY:VALUE]ENTER STORAGE LOCATIONS COLLECTIVELY: LIST | [LEGACY:DESC]DISPLAYS THE NAME OF THE WINDOW AND CONTAINS CONTROLS TO MANIPULATE IT | [MENUBARCONTROL:NAME]SYSTEM | [LEGACY:DESC]CONTAINS COMMANDS TO MANIPULATE THE WINDOW | [MENUITEMCONTROL:NAME]SYSTEM | [BUTTONCONTROL:NAME]MINIMIZE | [LEGACY:DESC]MOVES THE WINDOW OUT OF THE WAY | [BUTTONCONTROL:NAME]MAXIMIZE | [LEGACY:DESC]MAKES THE WINDOW FULL SCREEN | [BUTTONCONTROL:NAME]CLOSE | [LEGACY:DESC]CLOSES THE WINDOW | CUSTOM  CONTAINER | CONTROL  CONTAINER | CUSTOM  CONTAINER | CONTROL  CONTAINER | SAP'S ADVANCED TREELIST | CUSTOM  CONTAINER | CONTROL  CONTAINER
2026-06-30 14:27:28 | SUCCESS  |   ✓ [B352] 411074 — WH02, WT01 DITAMBAH
2026-06-30 14:27:28 | INFO     | [  34/125]  411074  →  Plant: B353
2026-06-30 14:27:28 | DEBUG    |   Isi Material: 411074
2026-06-30 14:27:30 | DEBUG    |   Isi Plant: B353
2026-06-30 14:27:33 | DEBUG    |   [DEBUG] Mundur ke-1: 'WH01'
2026-06-30 14:27:34 | DEBUG    |   [DEBUG] Mundur ke-2: ''
2026-06-30 14:27:34 | DEBUG    |   [DEBUG] SLoc yang terbaca: ['WH01']
2026-06-30 14:27:34 | INFO     |   Isi SLoc yang belum ada: WH02, WT01
2026-06-30 14:27:35 | DEBUG    |   SLoc baru: WH02
2026-06-30 14:27:35 | DEBUG    |   SLoc baru: WT01
2026-06-30 14:27:36 | DEBUG    |   [DEBUG] Jumlah elemen terbaca: 22
2026-06-30 14:27:36 | DEBUG    |   [DEBUG] Status text: [WINDOWCONTROL:NAME]ENTER STORAGE LOCATIONS COLLECTIVELY: LIST | [BUTTONCONTROL:NAME]OPEN | [BUTTONCONTROL:NAME]DELETE | [LEGACY:DESC]DELETE   (SHIFT+F2) | [LEGACY:VALUE]ENTER STORAGE LOCATIONS COLLECTIVELY: LIST | [LEGACY:DESC]DISPLAYS THE NAME OF THE WINDOW AND CONTAINS CONTROLS TO MANIPULATE IT | [MENUBARCONTROL:NAME]SYSTEM | [LEGACY:DESC]CONTAINS COMMANDS TO MANIPULATE THE WINDOW | [MENUITEMCONTROL:NAME]SYSTEM | [BUTTONCONTROL:NAME]MINIMIZE | [LEGACY:DESC]MOVES THE WINDOW OUT OF THE WAY | [BUTTONCONTROL:NAME]MAXIMIZE | [LEGACY:DESC]MAKES THE WINDOW FULL SCREEN | [BUTTONCONTROL:NAME]CLOSE | [LEGACY:DESC]CLOSES THE WINDOW | CUSTOM  CONTAINER | CONTROL  CONTAINER | CUSTOM  CONTAINER | CONTROL  CONTAINER | SAP'S ADVANCED TREELIST | CUSTOM  CONTAINER | CONTROL  CONTAINER
2026-06-30 14:27:38 | SUCCESS  |   ✓ [B353] 411074 — WH02, WT01 DITAMBAH
2026-06-30 14:27:38 | INFO     | [  35/125]  411074  →  Plant: B354
2026-06-30 14:27:38 | DEBUG    |   Isi Material: 411074
2026-06-30 14:27:40 | DEBUG    |   Isi Plant: B354
2026-06-30 14:27:44 | DEBUG    |   [DEBUG] Mundur ke-1: 'WH01'
2026-06-30 14:27:44 | DEBUG    |   [DEBUG] Mundur ke-2: ''
2026-06-30 14:27:44 | DEBUG    |   [DEBUG] SLoc yang terbaca: ['WH01']
2026-06-30 14:27:44 | INFO     |   Isi SLoc yang belum ada: WH02, WT01
2026-06-30 14:27:45 | DEBUG    |   SLoc baru: WH02
2026-06-30 14:27:46 | DEBUG    |   SLoc baru: WT01
2026-06-30 14:27:47 | DEBUG    |   [DEBUG] Jumlah elemen terbaca: 22
2026-06-30 14:27:47 | DEBUG    |   [DEBUG] Status text: [WINDOWCONTROL:NAME]ENTER STORAGE LOCATIONS COLLECTIVELY: LIST | [BUTTONCONTROL:NAME]OPEN | [BUTTONCONTROL:NAME]DELETE | [LEGACY:DESC]DELETE   (SHIFT+F2) | [LEGACY:VALUE]ENTER STORAGE LOCATIONS COLLECTIVELY: LIST | [LEGACY:DESC]DISPLAYS THE NAME OF THE WINDOW AND CONTAINS CONTROLS TO MANIPULATE IT | [MENUBARCONTROL:NAME]SYSTEM | [LEGACY:DESC]CONTAINS COMMANDS TO MANIPULATE THE WINDOW | [MENUITEMCONTROL:NAME]SYSTEM | [BUTTONCONTROL:NAME]MINIMIZE | [LEGACY:DESC]MOVES THE WINDOW OUT OF THE WAY | [BUTTONCONTROL:NAME]MAXIMIZE | [LEGACY:DESC]MAKES THE WINDOW FULL SCREEN | [BUTTONCONTROL:NAME]CLOSE | [LEGACY:DESC]CLOSES THE WINDOW | CUSTOM  CONTAINER | CONTROL  CONTAINER | CUSTOM  CONTAINER | CONTROL  CONTAINER | SAP'S ADVANCED TREELIST | CUSTOM  CONTAINER | CONTROL  CONTAINER
2026-06-30 14:27:49 | SUCCESS  |   ✓ [B354] 411074 — WH02, WT01 DITAMBAH
2026-06-30 14:27:49 | INFO     | [  36/125]  411074  →  Plant: B356
2026-06-30 14:27:49 | DEBUG    |   Isi Material: 411074
2026-06-30 14:27:51 | DEBUG    |   Isi Plant: B356
2026-06-30 14:27:54 | DEBUG    |   [DEBUG] Mundur ke-1: 'WH01'
2026-06-30 14:27:54 | DEBUG    |   [DEBUG] Mundur ke-2: ''
2026-06-30 14:27:55 | DEBUG    |   [DEBUG] SLoc yang terbaca: ['WH01']
2026-06-30 14:27:55 | INFO     |   Isi SLoc yang belum ada: WH02, WT01
2026-06-30 14:27:55 | DEBUG    |   SLoc baru: WH02
2026-06-30 14:27:56 | DEBUG    |   SLoc baru: WT01
2026-06-30 14:27:57 | DEBUG    |   [DEBUG] Jumlah elemen terbaca: 22
2026-06-30 14:27:57 | DEBUG    |   [DEBUG] Status text: [WINDOWCONTROL:NAME]ENTER STORAGE LOCATIONS COLLECTIVELY: LIST | [BUTTONCONTROL:NAME]OPEN | [BUTTONCONTROL:NAME]DELETE | [LEGACY:DESC]DELETE   (SHIFT+F2) | [LEGACY:VALUE]ENTER STORAGE LOCATIONS COLLECTIVELY: LIST | [LEGACY:DESC]DISPLAYS THE NAME OF THE WINDOW AND CONTAINS CONTROLS TO MANIPULATE IT | [MENUBARCONTROL:NAME]SYSTEM | [LEGACY:DESC]CONTAINS COMMANDS TO MANIPULATE THE WINDOW | [MENUITEMCONTROL:NAME]SYSTEM | [BUTTONCONTROL:NAME]MINIMIZE | [LEGACY:DESC]MOVES THE WINDOW OUT OF THE WAY | [BUTTONCONTROL:NAME]MAXIMIZE | [LEGACY:DESC]MAKES THE WINDOW FULL SCREEN | [BUTTONCONTROL:NAME]CLOSE | [LEGACY:DESC]CLOSES THE WINDOW | CUSTOM  CONTAINER | CONTROL  CONTAINER | CUSTOM  CONTAINER | CONTROL  CONTAINER | SAP'S ADVANCED TREELIST | CUSTOM  CONTAINER | CONTROL  CONTAINER
2026-06-30 14:27:59 | SUCCESS  |   ✓ [B356] 411074 — WH02, WT01 DITAMBAH
2026-06-30 14:27:59 | INFO     | [  37/125]  411074  →  Plant: B357
2026-06-30 14:27:59 | DEBUG    |   Isi Material: 411074
2026-06-30 14:28:01 | DEBUG    |   Isi Plant: B357
2026-06-30 14:28:04 | DEBUG    |   [DEBUG] Mundur ke-1: 'WH01'
2026-06-30 14:28:05 | DEBUG    |   [DEBUG] Mundur ke-2: ''
2026-06-30 14:28:05 | DEBUG    |   [DEBUG] SLoc yang terbaca: ['WH01']
2026-06-30 14:28:05 | INFO     |   Isi SLoc yang belum ada: WH02, WT01
2026-06-30 14:28:06 | DEBUG    |   SLoc baru: WH02
2026-06-30 14:28:07 | DEBUG    |   SLoc baru: WT01
2026-06-30 14:28:07 | DEBUG    |   [DEBUG] Jumlah elemen terbaca: 22
2026-06-30 14:28:07 | DEBUG    |   [DEBUG] Status text: [WINDOWCONTROL:NAME]ENTER STORAGE LOCATIONS COLLECTIVELY: LIST | [BUTTONCONTROL:NAME]OPEN | [BUTTONCONTROL:NAME]DELETE | [LEGACY:DESC]DELETE   (SHIFT+F2) | [LEGACY:VALUE]ENTER STORAGE LOCATIONS COLLECTIVELY: LIST | [LEGACY:DESC]DISPLAYS THE NAME OF THE WINDOW AND CONTAINS CONTROLS TO MANIPULATE IT | [MENUBARCONTROL:NAME]SYSTEM | [LEGACY:DESC]CONTAINS COMMANDS TO MANIPULATE THE WINDOW | [MENUITEMCONTROL:NAME]SYSTEM | [BUTTONCONTROL:NAME]MINIMIZE | [LEGACY:DESC]MOVES THE WINDOW OUT OF THE WAY | [BUTTONCONTROL:NAME]MAXIMIZE | [LEGACY:DESC]MAKES THE WINDOW FULL SCREEN | [BUTTONCONTROL:NAME]CLOSE | [LEGACY:DESC]CLOSES THE WINDOW | CUSTOM  CONTAINER | CONTROL  CONTAINER | CUSTOM  CONTAINER | CONTROL  CONTAINER | SAP'S ADVANCED TREELIST | CUSTOM  CONTAINER | CONTROL  CONTAINER
2026-06-30 14:28:09 | SUCCESS  |   ✓ [B357] 411074 — WH02, WT01 DITAMBAH
2026-06-30 14:28:09 | INFO     | [  38/125]  411074  →  Plant: B358
2026-06-30 14:28:09 | DEBUG    |   Isi Material: 411074
2026-06-30 14:28:11 | DEBUG    |   Isi Plant: B358
2026-06-30 14:28:15 | DEBUG    |   [DEBUG] Mundur ke-1: 'WH01'
2026-06-30 14:28:15 | DEBUG    |   [DEBUG] Mundur ke-2: ''
2026-06-30 14:28:15 | DEBUG    |   [DEBUG] SLoc yang terbaca: ['WH01']
2026-06-30 14:28:15 | INFO     |   Isi SLoc yang belum ada: WH02, WT01
2026-06-30 14:28:16 | DEBUG    |   SLoc baru: WH02
2026-06-30 14:28:17 | DEBUG    |   SLoc baru: WT01
2026-06-30 14:28:18 | DEBUG    |   [DEBUG] Jumlah elemen terbaca: 22
2026-06-30 14:28:18 | DEBUG    |   [DEBUG] Status text: [WINDOWCONTROL:NAME]ENTER STORAGE LOCATIONS COLLECTIVELY: LIST | [BUTTONCONTROL:NAME]OPEN | [BUTTONCONTROL:NAME]DELETE | [LEGACY:DESC]DELETE   (SHIFT+F2) | [LEGACY:VALUE]ENTER STORAGE LOCATIONS COLLECTIVELY: LIST | [LEGACY:DESC]DISPLAYS THE NAME OF THE WINDOW AND CONTAINS CONTROLS TO MANIPULATE IT | [MENUBARCONTROL:NAME]SYSTEM | [LEGACY:DESC]CONTAINS COMMANDS TO MANIPULATE THE WINDOW | [MENUITEMCONTROL:NAME]SYSTEM | [BUTTONCONTROL:NAME]MINIMIZE | [LEGACY:DESC]MOVES THE WINDOW OUT OF THE WAY | [BUTTONCONTROL:NAME]MAXIMIZE | [LEGACY:DESC]MAKES THE WINDOW FULL SCREEN | [BUTTONCONTROL:NAME]CLOSE | [LEGACY:DESC]CLOSES THE WINDOW | CUSTOM  CONTAINER | CONTROL  CONTAINER | CUSTOM  CONTAINER | CONTROL  CONTAINER | SAP'S ADVANCED TREELIST | CUSTOM  CONTAINER | CONTROL  CONTAINER
2026-06-30 14:28:20 | SUCCESS  |   ✓ [B358] 411074 — WH02, WT01 DITAMBAH
2026-06-30 14:28:20 | INFO     | [  39/125]  411074  →  Plant: B360
2026-06-30 14:28:20 | DEBUG    |   Isi Material: 411074
2026-06-30 14:28:22 | DEBUG    |   Isi Plant: B360
2026-06-30 14:28:25 | DEBUG    |   [DEBUG] Mundur ke-1: 'WH01'
2026-06-30 14:28:26 | DEBUG    |   [DEBUG] Mundur ke-2: ''
2026-06-30 14:28:26 | DEBUG    |   [DEBUG] SLoc yang terbaca: ['WH01']
2026-06-30 14:28:26 | INFO     |   Isi SLoc yang belum ada: WH02, WT01
2026-06-30 14:28:26 | DEBUG    |   SLoc baru: WH02
2026-06-30 14:28:27 | DEBUG    |   SLoc baru: WT01
2026-06-30 14:28:28 | DEBUG    |   [DEBUG] Jumlah elemen terbaca: 22
2026-06-30 14:28:28 | DEBUG    |   [DEBUG] Status text: [WINDOWCONTROL:NAME]ENTER STORAGE LOCATIONS COLLECTIVELY: LIST | [BUTTONCONTROL:NAME]OPEN | [BUTTONCONTROL:NAME]DELETE | [LEGACY:DESC]DELETE   (SHIFT+F2) | [LEGACY:VALUE]ENTER STORAGE LOCATIONS COLLECTIVELY: LIST | [LEGACY:DESC]DISPLAYS THE NAME OF THE WINDOW AND CONTAINS CONTROLS TO MANIPULATE IT | [MENUBARCONTROL:NAME]SYSTEM | [LEGACY:DESC]CONTAINS COMMANDS TO MANIPULATE THE WINDOW | [MENUITEMCONTROL:NAME]SYSTEM | [BUTTONCONTROL:NAME]MINIMIZE | [LEGACY:DESC]MOVES THE WINDOW OUT OF THE WAY | [BUTTONCONTROL:NAME]MAXIMIZE | [LEGACY:DESC]MAKES THE WINDOW FULL SCREEN | [BUTTONCONTROL:NAME]CLOSE | [LEGACY:DESC]CLOSES THE WINDOW | CUSTOM  CONTAINER | CONTROL  CONTAINER | CUSTOM  CONTAINER | CONTROL  CONTAINER | SAP'S ADVANCED TREELIST | CUSTOM  CONTAINER | CONTROL  CONTAINER
2026-06-30 14:28:30 | SUCCESS  |   ✓ [B360] 411074 — WH02, WT01 DITAMBAH
2026-06-30 14:28:30 | INFO     | [  40/125]  411074  →  Plant: B361
2026-06-30 14:28:30 | DEBUG    |   Isi Material: 411074
2026-06-30 14:28:32 | DEBUG    |   Isi Plant: B361
2026-06-30 14:28:35 | DEBUG    |   [DEBUG] Mundur ke-1: 'WH01'
2026-06-30 14:28:36 | DEBUG    |   [DEBUG] Mundur ke-2: ''
2026-06-30 14:28:36 | DEBUG    |   [DEBUG] SLoc yang terbaca: ['WH01']
2026-06-30 14:28:36 | INFO     |   Isi SLoc yang belum ada: WH02, WT01
2026-06-30 14:28:37 | DEBUG    |   SLoc baru: WH02
2026-06-30 14:28:38 | DEBUG    |   SLoc baru: WT01
2026-06-30 14:28:38 | DEBUG    |   [DEBUG] Jumlah elemen terbaca: 22
2026-06-30 14:28:38 | DEBUG    |   [DEBUG] Status text: [WINDOWCONTROL:NAME]ENTER STORAGE LOCATIONS COLLECTIVELY: LIST | [BUTTONCONTROL:NAME]OPEN | [BUTTONCONTROL:NAME]DELETE | [LEGACY:DESC]DELETE   (SHIFT+F2) | [LEGACY:VALUE]ENTER STORAGE LOCATIONS COLLECTIVELY: LIST | [LEGACY:DESC]DISPLAYS THE NAME OF THE WINDOW AND CONTAINS CONTROLS TO MANIPULATE IT | [MENUBARCONTROL:NAME]SYSTEM | [LEGACY:DESC]CONTAINS COMMANDS TO MANIPULATE THE WINDOW | [MENUITEMCONTROL:NAME]SYSTEM | [BUTTONCONTROL:NAME]MINIMIZE | [LEGACY:DESC]MOVES THE WINDOW OUT OF THE WAY | [BUTTONCONTROL:NAME]MAXIMIZE | [LEGACY:DESC]MAKES THE WINDOW FULL SCREEN | [BUTTONCONTROL:NAME]CLOSE | [LEGACY:DESC]CLOSES THE WINDOW | CUSTOM  CONTAINER | CONTROL  CONTAINER | CUSTOM  CONTAINER | CONTROL  CONTAINER | SAP'S ADVANCED TREELIST | CUSTOM  CONTAINER | CONTROL  CONTAINER
2026-06-30 14:28:41 | SUCCESS  |   ✓ [B361] 411074 — WH02, WT01 DITAMBAH
2026-06-30 14:28:41 | INFO     | [  41/125]  411074  →  Plant: B362
2026-06-30 14:28:41 | DEBUG    |   Isi Material: 411074
2026-06-30 14:28:42 | DEBUG    |   Isi Plant: B362
2026-06-30 14:28:46 | DEBUG    |   [DEBUG] Mundur ke-1: 'WH01'
2026-06-30 14:28:46 | DEBUG    |   [DEBUG] Mundur ke-2: ''
2026-06-30 14:28:47 | DEBUG    |   [DEBUG] SLoc yang terbaca: ['WH01']
2026-06-30 14:28:47 | INFO     |   Isi SLoc yang belum ada: WH02, WT01
2026-06-30 14:28:47 | DEBUG    |   SLoc baru: WH02
2026-06-30 14:28:48 | DEBUG    |   SLoc baru: WT01
2026-06-30 14:28:49 | DEBUG    |   [DEBUG] Jumlah elemen terbaca: 22
2026-06-30 14:28:49 | DEBUG    |   [DEBUG] Status text: [WINDOWCONTROL:NAME]ENTER STORAGE LOCATIONS COLLECTIVELY: LIST | [BUTTONCONTROL:NAME]OPEN | [BUTTONCONTROL:NAME]DELETE | [LEGACY:DESC]DELETE   (SHIFT+F2) | [LEGACY:VALUE]ENTER STORAGE LOCATIONS COLLECTIVELY: LIST | [LEGACY:DESC]DISPLAYS THE NAME OF THE WINDOW AND CONTAINS CONTROLS TO MANIPULATE IT | [MENUBARCONTROL:NAME]SYSTEM | [LEGACY:DESC]CONTAINS COMMANDS TO MANIPULATE THE WINDOW | [MENUITEMCONTROL:NAME]SYSTEM | [BUTTONCONTROL:NAME]MINIMIZE | [LEGACY:DESC]MOVES THE WINDOW OUT OF THE WAY | [BUTTONCONTROL:NAME]MAXIMIZE | [LEGACY:DESC]MAKES THE WINDOW FULL SCREEN | [BUTTONCONTROL:NAME]CLOSE | [LEGACY:DESC]CLOSES THE WINDOW | CUSTOM  CONTAINER | CONTROL  CONTAINER | CUSTOM  CONTAINER | CONTROL  CONTAINER | SAP'S ADVANCED TREELIST | CUSTOM  CONTAINER | CONTROL  CONTAINER
2026-06-30 14:28:51 | SUCCESS  |   ✓ [B362] 411074 — WH02, WT01 DITAMBAH
2026-06-30 14:28:51 | INFO     | [  42/125]  411074  →  Plant: B363
2026-06-30 14:28:51 | DEBUG    |   Isi Material: 411074
2026-06-30 14:28:53 | DEBUG    |   Isi Plant: B363
2026-06-30 14:28:56 | DEBUG    |   [DEBUG] Mundur ke-1: 'WH01'
2026-06-30 14:28:57 | DEBUG    |   [DEBUG] Mundur ke-2: ''
2026-06-30 14:28:57 | DEBUG    |   [DEBUG] SLoc yang terbaca: ['WH01']
2026-06-30 14:28:57 | INFO     |   Isi SLoc yang belum ada: WH02, WT01
2026-06-30 14:28:57 | DEBUG    |   SLoc baru: WH02
2026-06-30 14:28:58 | DEBUG    |   SLoc baru: WT01
2026-06-30 14:28:59 | DEBUG    |   [DEBUG] Jumlah elemen terbaca: 22
2026-06-30 14:28:59 | DEBUG    |   [DEBUG] Status text: [WINDOWCONTROL:NAME]ENTER STORAGE LOCATIONS COLLECTIVELY: LIST | [BUTTONCONTROL:NAME]OPEN | [BUTTONCONTROL:NAME]DELETE | [LEGACY:DESC]DELETE   (SHIFT+F2) | [LEGACY:VALUE]ENTER STORAGE LOCATIONS COLLECTIVELY: LIST | [LEGACY:DESC]DISPLAYS THE NAME OF THE WINDOW AND CONTAINS CONTROLS TO MANIPULATE IT | [MENUBARCONTROL:NAME]SYSTEM | [LEGACY:DESC]CONTAINS COMMANDS TO MANIPULATE THE WINDOW | [MENUITEMCONTROL:NAME]SYSTEM | [BUTTONCONTROL:NAME]MINIMIZE | [LEGACY:DESC]MOVES THE WINDOW OUT OF THE WAY | [BUTTONCONTROL:NAME]MAXIMIZE | [LEGACY:DESC]MAKES THE WINDOW FULL SCREEN | [BUTTONCONTROL:NAME]CLOSE | [LEGACY:DESC]CLOSES THE WINDOW | CUSTOM  CONTAINER | CONTROL  CONTAINER | CUSTOM  CONTAINER | CONTROL  CONTAINER | SAP'S ADVANCED TREELIST | CUSTOM  CONTAINER | CONTROL  CONTAINER
2026-06-30 14:29:01 | SUCCESS  |   ✓ [B363] 411074 — WH02, WT01 DITAMBAH
2026-06-30 14:29:01 | INFO     | [  43/125]  411074  →  Plant: B364
2026-06-30 14:29:01 | DEBUG    |   Isi Material: 411074
2026-06-30 14:29:03 | DEBUG    |   Isi Plant: B364
2026-06-30 14:29:06 | DEBUG    |   [DEBUG] Mundur ke-1: 'WH01'
2026-06-30 14:29:07 | DEBUG    |   [DEBUG] Mundur ke-2: ''
2026-06-30 14:29:07 | DEBUG    |   [DEBUG] SLoc yang terbaca: ['WH01']
2026-06-30 14:29:07 | INFO     |   Isi SLoc yang belum ada: WH02, WT01
2026-06-30 14:29:08 | DEBUG    |   SLoc baru: WH02
2026-06-30 14:29:09 | DEBUG    |   SLoc baru: WT01
2026-06-30 14:29:10 | DEBUG    |   [DEBUG] Jumlah elemen terbaca: 22
2026-06-30 14:29:10 | DEBUG    |   [DEBUG] Status text: [WINDOWCONTROL:NAME]ENTER STORAGE LOCATIONS COLLECTIVELY: LIST | [BUTTONCONTROL:NAME]OPEN | [BUTTONCONTROL:NAME]DELETE | [LEGACY:DESC]DELETE   (SHIFT+F2) | [LEGACY:VALUE]ENTER STORAGE LOCATIONS COLLECTIVELY: LIST | [LEGACY:DESC]DISPLAYS THE NAME OF THE WINDOW AND CONTAINS CONTROLS TO MANIPULATE IT | [MENUBARCONTROL:NAME]SYSTEM | [LEGACY:DESC]CONTAINS COMMANDS TO MANIPULATE THE WINDOW | [MENUITEMCONTROL:NAME]SYSTEM | [BUTTONCONTROL:NAME]MINIMIZE | [LEGACY:DESC]MOVES THE WINDOW OUT OF THE WAY | [BUTTONCONTROL:NAME]MAXIMIZE | [LEGACY:DESC]MAKES THE WINDOW FULL SCREEN | [BUTTONCONTROL:NAME]CLOSE | [LEGACY:DESC]CLOSES THE WINDOW | CUSTOM  CONTAINER | CONTROL  CONTAINER | CUSTOM  CONTAINER | CONTROL  CONTAINER | SAP'S ADVANCED TREELIST | CUSTOM  CONTAINER | CONTROL  CONTAINER
2026-06-30 14:29:12 | SUCCESS  |   ✓ [B364] 411074 — WH02, WT01 DITAMBAH
2026-06-30 14:29:12 | INFO     | [  44/125]  411074  →  Plant: B365
2026-06-30 14:29:12 | DEBUG    |   Isi Material: 411074
2026-06-30 14:29:13 | DEBUG    |   Isi Plant: B365
2026-06-30 14:29:17 | DEBUG    |   [DEBUG] Mundur ke-1: 'WH01'
2026-06-30 14:29:17 | DEBUG    |   [DEBUG] Mundur ke-2: ''
2026-06-30 14:29:18 | DEBUG    |   [DEBUG] SLoc yang terbaca: ['WH01']
2026-06-30 14:29:18 | INFO     |   Isi SLoc yang belum ada: WH02, WT01
2026-06-30 14:29:18 | DEBUG    |   SLoc baru: WH02
2026-06-30 14:29:19 | DEBUG    |   SLoc baru: WT01
2026-06-30 14:29:20 | DEBUG    |   [DEBUG] Jumlah elemen terbaca: 22
2026-06-30 14:29:20 | DEBUG    |   [DEBUG] Status text: [WINDOWCONTROL:NAME]ENTER STORAGE LOCATIONS COLLECTIVELY: LIST | [BUTTONCONTROL:NAME]OPEN | [BUTTONCONTROL:NAME]DELETE | [LEGACY:DESC]DELETE   (SHIFT+F2) | [LEGACY:VALUE]ENTER STORAGE LOCATIONS COLLECTIVELY: LIST | [LEGACY:DESC]DISPLAYS THE NAME OF THE WINDOW AND CONTAINS CONTROLS TO MANIPULATE IT | [MENUBARCONTROL:NAME]SYSTEM | [LEGACY:DESC]CONTAINS COMMANDS TO MANIPULATE THE WINDOW | [MENUITEMCONTROL:NAME]SYSTEM | [BUTTONCONTROL:NAME]MINIMIZE | [LEGACY:DESC]MOVES THE WINDOW OUT OF THE WAY | [BUTTONCONTROL:NAME]MAXIMIZE | [LEGACY:DESC]MAKES THE WINDOW FULL SCREEN | [BUTTONCONTROL:NAME]CLOSE | [LEGACY:DESC]CLOSES THE WINDOW | CUSTOM  CONTAINER | CONTROL  CONTAINER | CUSTOM  CONTAINER | CONTROL  CONTAINER | SAP'S ADVANCED TREELIST | CUSTOM  CONTAINER | CONTROL  CONTAINER
2026-06-30 14:29:22 | SUCCESS  |   ✓ [B365] 411074 — WH02, WT01 DITAMBAH
2026-06-30 14:29:22 | INFO     | [  45/125]  411074  →  Plant: B366
2026-06-30 14:29:22 | DEBUG    |   Isi Material: 411074
2026-06-30 14:29:24 | DEBUG    |   Isi Plant: B366
2026-06-30 14:29:27 | DEBUG    |   [DEBUG] Mundur ke-1: 'WH01'
2026-06-30 14:29:28 | DEBUG    |   [DEBUG] Mundur ke-2: ''
2026-06-30 14:29:28 | DEBUG    |   [DEBUG] SLoc yang terbaca: ['WH01']
2026-06-30 14:29:28 | INFO     |   Isi SLoc yang belum ada: WH02, WT01
2026-06-30 14:29:28 | DEBUG    |   SLoc baru: WH02
2026-06-30 14:29:29 | DEBUG    |   SLoc baru: WT01
2026-06-30 14:29:30 | DEBUG    |   [DEBUG] Jumlah elemen terbaca: 22
2026-06-30 14:29:30 | DEBUG    |   [DEBUG] Status text: [WINDOWCONTROL:NAME]ENTER STORAGE LOCATIONS COLLECTIVELY: LIST | [BUTTONCONTROL:NAME]OPEN | [BUTTONCONTROL:NAME]DELETE | [LEGACY:DESC]DELETE   (SHIFT+F2) | [LEGACY:VALUE]ENTER STORAGE LOCATIONS COLLECTIVELY: LIST | [LEGACY:DESC]DISPLAYS THE NAME OF THE WINDOW AND CONTAINS CONTROLS TO MANIPULATE IT | [MENUBARCONTROL:NAME]SYSTEM | [LEGACY:DESC]CONTAINS COMMANDS TO MANIPULATE THE WINDOW | [MENUITEMCONTROL:NAME]SYSTEM | [BUTTONCONTROL:NAME]MINIMIZE | [LEGACY:DESC]MOVES THE WINDOW OUT OF THE WAY | [BUTTONCONTROL:NAME]MAXIMIZE | [LEGACY:DESC]MAKES THE WINDOW FULL SCREEN | [BUTTONCONTROL:NAME]CLOSE | [LEGACY:DESC]CLOSES THE WINDOW | CUSTOM  CONTAINER | CONTROL  CONTAINER | CUSTOM  CONTAINER | CONTROL  CONTAINER | SAP'S ADVANCED TREELIST | CUSTOM  CONTAINER | CONTROL  CONTAINER
2026-06-30 14:29:32 | SUCCESS  |   ✓ [B366] 411074 — WH02, WT01 DITAMBAH
2026-06-30 14:29:32 | INFO     | [  46/125]  411074  →  Plant: B367
2026-06-30 14:29:32 | DEBUG    |   Isi Material: 411074
2026-06-30 14:29:34 | DEBUG    |   Isi Plant: B367
2026-06-30 14:29:37 | DEBUG    |   [DEBUG] Mundur ke-1: 'WH01'
2026-06-30 14:29:38 | DEBUG    |   [DEBUG] Mundur ke-2: ''
2026-06-30 14:29:38 | DEBUG    |   [DEBUG] SLoc yang terbaca: ['WH01']
2026-06-30 14:29:38 | INFO     |   Isi SLoc yang belum ada: WH02, WT01
2026-06-30 14:29:39 | DEBUG    |   SLoc baru: WH02
2026-06-30 14:29:40 | DEBUG    |   SLoc baru: WT01
2026-06-30 14:29:41 | DEBUG    |   [DEBUG] Jumlah elemen terbaca: 22
2026-06-30 14:29:41 | DEBUG    |   [DEBUG] Status text: [WINDOWCONTROL:NAME]ENTER STORAGE LOCATIONS COLLECTIVELY: LIST | [BUTTONCONTROL:NAME]OPEN | [BUTTONCONTROL:NAME]DELETE | [LEGACY:DESC]DELETE   (SHIFT+F2) | [LEGACY:VALUE]ENTER STORAGE LOCATIONS COLLECTIVELY: LIST | [LEGACY:DESC]DISPLAYS THE NAME OF THE WINDOW AND CONTAINS CONTROLS TO MANIPULATE IT | [MENUBARCONTROL:NAME]SYSTEM | [LEGACY:DESC]CONTAINS COMMANDS TO MANIPULATE THE WINDOW | [MENUITEMCONTROL:NAME]SYSTEM | [BUTTONCONTROL:NAME]MINIMIZE | [LEGACY:DESC]MOVES THE WINDOW OUT OF THE WAY | [BUTTONCONTROL:NAME]MAXIMIZE | [LEGACY:DESC]MAKES THE WINDOW FULL SCREEN | [BUTTONCONTROL:NAME]CLOSE | [LEGACY:DESC]CLOSES THE WINDOW | CUSTOM  CONTAINER | CONTROL  CONTAINER | CUSTOM  CONTAINER | CONTROL  CONTAINER | SAP'S ADVANCED TREELIST | CUSTOM  CONTAINER | CONTROL  CONTAINER
2026-06-30 14:29:43 | SUCCESS  |   ✓ [B367] 411074 — WH02, WT01 DITAMBAH
2026-06-30 14:29:43 | INFO     | [  47/125]  411074  →  Plant: B368
2026-06-30 14:29:43 | DEBUG    |   Isi Material: 411074
2026-06-30 14:29:44 | DEBUG    |   Isi Plant: B368
2026-06-30 14:29:48 | DEBUG    |   [DEBUG] Mundur ke-1: 'WH01'
2026-06-30 14:29:48 | DEBUG    |   [DEBUG] Mundur ke-2: ''
2026-06-30 14:29:49 | DEBUG    |   [DEBUG] SLoc yang terbaca: ['WH01']
2026-06-30 14:29:49 | INFO     |   Isi SLoc yang belum ada: WH02, WT01
2026-06-30 14:29:49 | DEBUG    |   SLoc baru: WH02
2026-06-30 14:29:50 | DEBUG    |   SLoc baru: WT01
2026-06-30 14:29:51 | DEBUG    |   [DEBUG] Jumlah elemen terbaca: 22
2026-06-30 14:29:51 | DEBUG    |   [DEBUG] Status text: [WINDOWCONTROL:NAME]ENTER STORAGE LOCATIONS COLLECTIVELY: LIST | [BUTTONCONTROL:NAME]OPEN | [BUTTONCONTROL:NAME]DELETE | [LEGACY:DESC]DELETE   (SHIFT+F2) | [LEGACY:VALUE]ENTER STORAGE LOCATIONS COLLECTIVELY: LIST | [LEGACY:DESC]DISPLAYS THE NAME OF THE WINDOW AND CONTAINS CONTROLS TO MANIPULATE IT | [MENUBARCONTROL:NAME]SYSTEM | [LEGACY:DESC]CONTAINS COMMANDS TO MANIPULATE THE WINDOW | [MENUITEMCONTROL:NAME]SYSTEM | [BUTTONCONTROL:NAME]MINIMIZE | [LEGACY:DESC]MOVES THE WINDOW OUT OF THE WAY | [BUTTONCONTROL:NAME]MAXIMIZE | [LEGACY:DESC]MAKES THE WINDOW FULL SCREEN | [BUTTONCONTROL:NAME]CLOSE | [LEGACY:DESC]CLOSES THE WINDOW | CUSTOM  CONTAINER | CONTROL  CONTAINER | CUSTOM  CONTAINER | CONTROL  CONTAINER | SAP'S ADVANCED TREELIST | CUSTOM  CONTAINER | CONTROL  CONTAINER
2026-06-30 14:29:53 | SUCCESS  |   ✓ [B368] 411074 — WH02, WT01 DITAMBAH
2026-06-30 14:29:53 | INFO     | [  48/125]  411074  →  Plant: B369
2026-06-30 14:29:53 | DEBUG    |   Isi Material: 411074
2026-06-30 14:29:55 | DEBUG    |   Isi Plant: B369
2026-06-30 14:29:58 | DEBUG    |   [DEBUG] Mundur ke-1: 'WH01'
2026-06-30 14:29:59 | DEBUG    |   [DEBUG] Mundur ke-2: ''
2026-06-30 14:29:59 | DEBUG    |   [DEBUG] SLoc yang terbaca: ['WH01']
2026-06-30 14:29:59 | INFO     |   Isi SLoc yang belum ada: WH02, WT01
2026-06-30 14:30:00 | DEBUG    |   SLoc baru: WH02
2026-06-30 14:30:00 | DEBUG    |   SLoc baru: WT01
2026-06-30 14:30:02 | DEBUG    |   [DEBUG] Jumlah elemen terbaca: 22
2026-06-30 14:30:02 | DEBUG    |   [DEBUG] Status text: [WINDOWCONTROL:NAME]ENTER STORAGE LOCATIONS COLLECTIVELY: LIST | [BUTTONCONTROL:NAME]OPEN | [BUTTONCONTROL:NAME]DELETE | [LEGACY:DESC]DELETE   (SHIFT+F2) | [LEGACY:VALUE]ENTER STORAGE LOCATIONS COLLECTIVELY: LIST | [LEGACY:DESC]DISPLAYS THE NAME OF THE WINDOW AND CONTAINS CONTROLS TO MANIPULATE IT | [MENUBARCONTROL:NAME]SYSTEM | [LEGACY:DESC]CONTAINS COMMANDS TO MANIPULATE THE WINDOW | [MENUITEMCONTROL:NAME]SYSTEM | [BUTTONCONTROL:NAME]MINIMIZE | [LEGACY:DESC]MOVES THE WINDOW OUT OF THE WAY | [BUTTONCONTROL:NAME]MAXIMIZE | [LEGACY:DESC]MAKES THE WINDOW FULL SCREEN | [BUTTONCONTROL:NAME]CLOSE | [LEGACY:DESC]CLOSES THE WINDOW | CUSTOM  CONTAINER | CONTROL  CONTAINER | CUSTOM  CONTAINER | CONTROL  CONTAINER | SAP'S ADVANCED TREELIST | CUSTOM  CONTAINER | CONTROL  CONTAINER
2026-06-30 14:30:04 | SUCCESS  |   ✓ [B369] 411074 — WH02, WT01 DITAMBAH
2026-06-30 14:30:04 | INFO     | [  49/125]  411074  →  Plant: B373
2026-06-30 14:30:04 | DEBUG    |   Isi Material: 411074
2026-06-30 14:30:05 | DEBUG    |   Isi Plant: B373
2026-06-30 14:30:09 | DEBUG    |   [DEBUG] Mundur ke-1: 'WH01'
2026-06-30 14:30:09 | DEBUG    |   [DEBUG] Mundur ke-2: ''
2026-06-30 14:30:10 | DEBUG    |   [DEBUG] SLoc yang terbaca: ['WH01']
2026-06-30 14:30:10 | INFO     |   Isi SLoc yang belum ada: WH02, WT01
2026-06-30 14:30:10 | DEBUG    |   SLoc baru: WH02
2026-06-30 14:30:11 | DEBUG    |   SLoc baru: WT01
2026-06-30 14:30:12 | DEBUG    |   [DEBUG] Jumlah elemen terbaca: 22
2026-06-30 14:30:12 | DEBUG    |   [DEBUG] Status text: [WINDOWCONTROL:NAME]ENTER STORAGE LOCATIONS COLLECTIVELY: LIST | [BUTTONCONTROL:NAME]OPEN | [BUTTONCONTROL:NAME]DELETE | [LEGACY:DESC]DELETE   (SHIFT+F2) | [LEGACY:VALUE]ENTER STORAGE LOCATIONS COLLECTIVELY: LIST | [LEGACY:DESC]DISPLAYS THE NAME OF THE WINDOW AND CONTAINS CONTROLS TO MANIPULATE IT | [MENUBARCONTROL:NAME]SYSTEM | [LEGACY:DESC]CONTAINS COMMANDS TO MANIPULATE THE WINDOW | [MENUITEMCONTROL:NAME]SYSTEM | [BUTTONCONTROL:NAME]MINIMIZE | [LEGACY:DESC]MOVES THE WINDOW OUT OF THE WAY | [BUTTONCONTROL:NAME]MAXIMIZE | [LEGACY:DESC]MAKES THE WINDOW FULL SCREEN | [BUTTONCONTROL:NAME]CLOSE | [LEGACY:DESC]CLOSES THE WINDOW | CUSTOM  CONTAINER | CONTROL  CONTAINER | CUSTOM  CONTAINER | CONTROL  CONTAINER | SAP'S ADVANCED TREELIST | CUSTOM  CONTAINER | CONTROL  CONTAINER
2026-06-30 14:30:14 | SUCCESS  |   ✓ [B373] 411074 — WH02, WT01 DITAMBAH
2026-06-30 14:30:14 | INFO     | [  50/125]  411074  →  Plant: B394
2026-06-30 14:30:14 | DEBUG    |   Isi Material: 411074
2026-06-30 14:30:16 | DEBUG    |   Isi Plant: B394
2026-06-30 14:30:19 | DEBUG    |   [DEBUG] Mundur ke-1: 'WH01'
2026-06-30 14:30:20 | DEBUG    |   [DEBUG] Mundur ke-2: ''
2026-06-30 14:30:20 | DEBUG    |   [DEBUG] SLoc yang terbaca: ['WH01']
2026-06-30 14:30:20 | INFO     |   Isi SLoc yang belum ada: WH02, WT01
2026-06-30 14:30:20 | DEBUG    |   SLoc baru: WH02
2026-06-30 14:30:21 | DEBUG    |   SLoc baru: WT01
2026-06-30 14:30:22 | DEBUG    |   [DEBUG] Jumlah elemen terbaca: 22
2026-06-30 14:30:22 | DEBUG    |   [DEBUG] Status text: [WINDOWCONTROL:NAME]ENTER STORAGE LOCATIONS COLLECTIVELY: LIST | [BUTTONCONTROL:NAME]OPEN | [BUTTONCONTROL:NAME]DELETE | [LEGACY:DESC]DELETE   (SHIFT+F2) | [LEGACY:VALUE]ENTER STORAGE LOCATIONS COLLECTIVELY: LIST | [LEGACY:DESC]DISPLAYS THE NAME OF THE WINDOW AND CONTAINS CONTROLS TO MANIPULATE IT | [MENUBARCONTROL:NAME]SYSTEM | [LEGACY:DESC]CONTAINS COMMANDS TO MANIPULATE THE WINDOW | [MENUITEMCONTROL:NAME]SYSTEM | [BUTTONCONTROL:NAME]MINIMIZE | [LEGACY:DESC]MOVES THE WINDOW OUT OF THE WAY | [BUTTONCONTROL:NAME]MAXIMIZE | [LEGACY:DESC]MAKES THE WINDOW FULL SCREEN | [BUTTONCONTROL:NAME]CLOSE | [LEGACY:DESC]CLOSES THE WINDOW | CUSTOM  CONTAINER | CONTROL  CONTAINER | CUSTOM  CONTAINER | CONTROL  CONTAINER | SAP'S ADVANCED TREELIST | CUSTOM  CONTAINER | CONTROL  CONTAINER
2026-06-30 14:30:24 | SUCCESS  |   ✓ [B394] 411074 — WH02, WT01 DITAMBAH
2026-06-30 14:30:24 | INFO     | [  51/125]  411075  →  Plant: B200
2026-06-30 14:30:24 | DEBUG    |   Isi Material: 411075
2026-06-30 14:30:26 | DEBUG    |   Isi Plant: B200
2026-06-30 14:30:29 | DEBUG    |   [DEBUG] Mundur ke-1: 'WH01'
2026-06-30 14:30:30 | DEBUG    |   [DEBUG] Mundur ke-2: ''
2026-06-30 14:30:30 | DEBUG    |   [DEBUG] SLoc yang terbaca: ['WH01']
2026-06-30 14:30:30 | INFO     |   Isi SLoc yang belum ada: WH02, WT01
2026-06-30 14:30:31 | DEBUG    |   SLoc baru: WH02
2026-06-30 14:30:32 | DEBUG    |   SLoc baru: WT01
2026-06-30 14:30:33 | DEBUG    |   [DEBUG] Jumlah elemen terbaca: 22
2026-06-30 14:30:33 | DEBUG    |   [DEBUG] Status text: [WINDOWCONTROL:NAME]ENTER STORAGE LOCATIONS COLLECTIVELY: LIST | [BUTTONCONTROL:NAME]OPEN | [BUTTONCONTROL:NAME]DELETE | [LEGACY:DESC]DELETE   (SHIFT+F2) | [LEGACY:VALUE]ENTER STORAGE LOCATIONS COLLECTIVELY: LIST | [LEGACY:DESC]DISPLAYS THE NAME OF THE WINDOW AND CONTAINS CONTROLS TO MANIPULATE IT | [MENUBARCONTROL:NAME]SYSTEM | [LEGACY:DESC]CONTAINS COMMANDS TO MANIPULATE THE WINDOW | [MENUITEMCONTROL:NAME]SYSTEM | [BUTTONCONTROL:NAME]MINIMIZE | [LEGACY:DESC]MOVES THE WINDOW OUT OF THE WAY | [BUTTONCONTROL:NAME]MAXIMIZE | [LEGACY:DESC]MAKES THE WINDOW FULL SCREEN | [BUTTONCONTROL:NAME]CLOSE | [LEGACY:DESC]CLOSES THE WINDOW | CUSTOM  CONTAINER | CONTROL  CONTAINER | CUSTOM  CONTAINER | CONTROL  CONTAINER | SAP'S ADVANCED TREELIST | CUSTOM  CONTAINER | CONTROL  CONTAINER
2026-06-30 14:30:35 | SUCCESS  |   ✓ [B200] 411075 — WH02, WT01 DITAMBAH
2026-06-30 14:30:35 | INFO     | [  52/125]  411075  →  Plant: B201
2026-06-30 14:30:35 | DEBUG    |   Isi Material: 411075
2026-06-30 14:30:36 | DEBUG    |   Isi Plant: B201
2026-06-30 14:30:40 | DEBUG    |   [DEBUG] Mundur ke-1: 'WH01'
2026-06-30 14:30:40 | DEBUG    |   [DEBUG] Mundur ke-2: ''
2026-06-30 14:30:41 | DEBUG    |   [DEBUG] SLoc yang terbaca: ['WH01']
2026-06-30 14:30:41 | INFO     |   Isi SLoc yang belum ada: WH02, WT01
2026-06-30 14:30:41 | DEBUG    |   SLoc baru: WH02
2026-06-30 14:30:42 | DEBUG    |   SLoc baru: WT01
2026-06-30 14:30:43 | DEBUG    |   [DEBUG] Jumlah elemen terbaca: 22
2026-06-30 14:30:43 | DEBUG    |   [DEBUG] Status text: [WINDOWCONTROL:NAME]ENTER STORAGE LOCATIONS COLLECTIVELY: LIST | [BUTTONCONTROL:NAME]OPEN | [BUTTONCONTROL:NAME]DELETE | [LEGACY:DESC]DELETE   (SHIFT+F2) | [LEGACY:VALUE]ENTER STORAGE LOCATIONS COLLECTIVELY: LIST | [LEGACY:DESC]DISPLAYS THE NAME OF THE WINDOW AND CONTAINS CONTROLS TO MANIPULATE IT | [MENUBARCONTROL:NAME]SYSTEM | [LEGACY:DESC]CONTAINS COMMANDS TO MANIPULATE THE WINDOW | [MENUITEMCONTROL:NAME]SYSTEM | [BUTTONCONTROL:NAME]MINIMIZE | [LEGACY:DESC]MOVES THE WINDOW OUT OF THE WAY | [BUTTONCONTROL:NAME]MAXIMIZE | [LEGACY:DESC]MAKES THE WINDOW FULL SCREEN | [BUTTONCONTROL:NAME]CLOSE | [LEGACY:DESC]CLOSES THE WINDOW | CUSTOM  CONTAINER | CONTROL  CONTAINER | CUSTOM  CONTAINER | CONTROL  CONTAINER | SAP'S ADVANCED TREELIST | CUSTOM  CONTAINER | CONTROL  CONTAINER
2026-06-30 14:30:45 | SUCCESS  |   ✓ [B201] 411075 — WH02, WT01 DITAMBAH
2026-06-30 14:30:45 | INFO     | [  53/125]  411075  →  Plant: B202
2026-06-30 14:30:45 | DEBUG    |   Isi Material: 411075
2026-06-30 14:30:47 | DEBUG    |   Isi Plant: B202
2026-06-30 14:30:50 | DEBUG    |   [DEBUG] Mundur ke-1: 'WH01'
2026-06-30 14:30:51 | DEBUG    |   [DEBUG] Mundur ke-2: ''
2026-06-30 14:30:51 | DEBUG    |   [DEBUG] SLoc yang terbaca: ['WH01']
2026-06-30 14:30:51 | INFO     |   Isi SLoc yang belum ada: WH02, WT01
2026-06-30 14:30:52 | DEBUG    |   SLoc baru: WH02
2026-06-30 14:30:52 | DEBUG    |   SLoc baru: WT01
2026-06-30 14:30:53 | DEBUG    |   [DEBUG] Jumlah elemen terbaca: 22
2026-06-30 14:30:53 | DEBUG    |   [DEBUG] Status text: [WINDOWCONTROL:NAME]ENTER STORAGE LOCATIONS COLLECTIVELY: LIST | [BUTTONCONTROL:NAME]OPEN | [BUTTONCONTROL:NAME]DELETE | [LEGACY:DESC]DELETE   (SHIFT+F2) | [LEGACY:VALUE]ENTER STORAGE LOCATIONS COLLECTIVELY: LIST | [LEGACY:DESC]DISPLAYS THE NAME OF THE WINDOW AND CONTAINS CONTROLS TO MANIPULATE IT | [MENUBARCONTROL:NAME]SYSTEM | [LEGACY:DESC]CONTAINS COMMANDS TO MANIPULATE THE WINDOW | [MENUITEMCONTROL:NAME]SYSTEM | [BUTTONCONTROL:NAME]MINIMIZE | [LEGACY:DESC]MOVES THE WINDOW OUT OF THE WAY | [BUTTONCONTROL:NAME]MAXIMIZE | [LEGACY:DESC]MAKES THE WINDOW FULL SCREEN | [BUTTONCONTROL:NAME]CLOSE | [LEGACY:DESC]CLOSES THE WINDOW | CUSTOM  CONTAINER | CONTROL  CONTAINER | CUSTOM  CONTAINER | CONTROL  CONTAINER | SAP'S ADVANCED TREELIST | CUSTOM  CONTAINER | CONTROL  CONTAINER
2026-06-30 14:30:55 | SUCCESS  |   ✓ [B202] 411075 — WH02, WT01 DITAMBAH
2026-06-30 14:30:55 | INFO     | [  54/125]  411075  →  Plant: B203
2026-06-30 14:30:55 | DEBUG    |   Isi Material: 411075
2026-06-30 14:30:57 | DEBUG    |   Isi Plant: B203
2026-06-30 14:31:01 | DEBUG    |   [DEBUG] Mundur ke-1: 'WH01'
2026-06-30 14:31:01 | DEBUG    |   [DEBUG] Mundur ke-2: ''
2026-06-30 14:31:01 | DEBUG    |   [DEBUG] SLoc yang terbaca: ['WH01']
2026-06-30 14:31:01 | INFO     |   Isi SLoc yang belum ada: WH02, WT01
2026-06-30 14:31:02 | DEBUG    |   SLoc baru: WH02
2026-06-30 14:31:03 | DEBUG    |   SLoc baru: WT01
2026-06-30 14:31:04 | DEBUG    |   [DEBUG] Jumlah elemen terbaca: 22
2026-06-30 14:31:04 | DEBUG    |   [DEBUG] Status text: [WINDOWCONTROL:NAME]ENTER STORAGE LOCATIONS COLLECTIVELY: LIST | [BUTTONCONTROL:NAME]OPEN | [BUTTONCONTROL:NAME]DELETE | [LEGACY:DESC]DELETE   (SHIFT+F2) | [LEGACY:VALUE]ENTER STORAGE LOCATIONS COLLECTIVELY: LIST | [LEGACY:DESC]DISPLAYS THE NAME OF THE WINDOW AND CONTAINS CONTROLS TO MANIPULATE IT | [MENUBARCONTROL:NAME]SYSTEM | [LEGACY:DESC]CONTAINS COMMANDS TO MANIPULATE THE WINDOW | [MENUITEMCONTROL:NAME]SYSTEM | [BUTTONCONTROL:NAME]MINIMIZE | [LEGACY:DESC]MOVES THE WINDOW OUT OF THE WAY | [BUTTONCONTROL:NAME]MAXIMIZE | [LEGACY:DESC]MAKES THE WINDOW FULL SCREEN | [BUTTONCONTROL:NAME]CLOSE | [LEGACY:DESC]CLOSES THE WINDOW | CUSTOM  CONTAINER | CONTROL  CONTAINER | CUSTOM  CONTAINER | CONTROL  CONTAINER | SAP'S ADVANCED TREELIST | CUSTOM  CONTAINER | CONTROL  CONTAINER
2026-06-30 14:31:06 | SUCCESS  |   ✓ [B203] 411075 — WH02, WT01 DITAMBAH
2026-06-30 14:31:06 | INFO     | [  55/125]  411075  →  Plant: B204
2026-06-30 14:31:06 | DEBUG    |   Isi Material: 411075
2026-06-30 14:31:08 | DEBUG    |   Isi Plant: B204
2026-06-30 14:31:11 | DEBUG    |   [DEBUG] Mundur ke-1: 'WH01'
2026-06-30 14:31:11 | DEBUG    |   [DEBUG] Mundur ke-2: ''
2026-06-30 14:31:12 | DEBUG    |   [DEBUG] SLoc yang terbaca: ['WH01']
2026-06-30 14:31:12 | INFO     |   Isi SLoc yang belum ada: WH02, WT01
2026-06-30 14:31:12 | DEBUG    |   SLoc baru: WH02
2026-06-30 14:31:13 | DEBUG    |   SLoc baru: WT01
2026-06-30 14:31:14 | DEBUG    |   [DEBUG] Jumlah elemen terbaca: 22
2026-06-30 14:31:14 | DEBUG    |   [DEBUG] Status text: [WINDOWCONTROL:NAME]ENTER STORAGE LOCATIONS COLLECTIVELY: LIST | [BUTTONCONTROL:NAME]OPEN | [BUTTONCONTROL:NAME]DELETE | [LEGACY:DESC]DELETE   (SHIFT+F2) | [LEGACY:VALUE]ENTER STORAGE LOCATIONS COLLECTIVELY: LIST | [LEGACY:DESC]DISPLAYS THE NAME OF THE WINDOW AND CONTAINS CONTROLS TO MANIPULATE IT | [MENUBARCONTROL:NAME]SYSTEM | [LEGACY:DESC]CONTAINS COMMANDS TO MANIPULATE THE WINDOW | [MENUITEMCONTROL:NAME]SYSTEM | [BUTTONCONTROL:NAME]MINIMIZE | [LEGACY:DESC]MOVES THE WINDOW OUT OF THE WAY | [BUTTONCONTROL:NAME]MAXIMIZE | [LEGACY:DESC]MAKES THE WINDOW FULL SCREEN | [BUTTONCONTROL:NAME]CLOSE | [LEGACY:DESC]CLOSES THE WINDOW | CUSTOM  CONTAINER | CONTROL  CONTAINER | CUSTOM  CONTAINER | CONTROL  CONTAINER | SAP'S ADVANCED TREELIST | CUSTOM  CONTAINER | CONTROL  CONTAINER
2026-06-30 14:31:16 | SUCCESS  |   ✓ [B204] 411075 — WH02, WT01 DITAMBAH
2026-06-30 14:31:16 | INFO     | [  56/125]  411075  →  Plant: B205
2026-06-30 14:31:16 | DEBUG    |   Isi Material: 411075
2026-06-30 14:31:18 | DEBUG    |   Isi Plant: B205
2026-06-30 14:31:21 | DEBUG    |   [DEBUG] Mundur ke-1: 'WH01'
2026-06-30 14:31:22 | DEBUG    |   [DEBUG] Mundur ke-2: ''
2026-06-30 14:31:22 | DEBUG    |   [DEBUG] SLoc yang terbaca: ['WH01']
2026-06-30 14:31:22 | INFO     |   Isi SLoc yang belum ada: WH02, WT01
2026-06-30 14:31:23 | DEBUG    |   SLoc baru: WH02
2026-06-30 14:31:23 | DEBUG    |   SLoc baru: WT01
2026-06-30 14:31:24 | DEBUG    |   [DEBUG] Jumlah elemen terbaca: 22
2026-06-30 14:31:24 | DEBUG    |   [DEBUG] Status text: [WINDOWCONTROL:NAME]ENTER STORAGE LOCATIONS COLLECTIVELY: LIST | [BUTTONCONTROL:NAME]OPEN | [BUTTONCONTROL:NAME]DELETE | [LEGACY:DESC]DELETE   (SHIFT+F2) | [LEGACY:VALUE]ENTER STORAGE LOCATIONS COLLECTIVELY: LIST | [LEGACY:DESC]DISPLAYS THE NAME OF THE WINDOW AND CONTAINS CONTROLS TO MANIPULATE IT | [MENUBARCONTROL:NAME]SYSTEM | [LEGACY:DESC]CONTAINS COMMANDS TO MANIPULATE THE WINDOW | [MENUITEMCONTROL:NAME]SYSTEM | [BUTTONCONTROL:NAME]MINIMIZE | [LEGACY:DESC]MOVES THE WINDOW OUT OF THE WAY | [BUTTONCONTROL:NAME]MAXIMIZE | [LEGACY:DESC]MAKES THE WINDOW FULL SCREEN | [BUTTONCONTROL:NAME]CLOSE | [LEGACY:DESC]CLOSES THE WINDOW | CUSTOM  CONTAINER | CONTROL  CONTAINER | CUSTOM  CONTAINER | CONTROL  CONTAINER | SAP'S ADVANCED TREELIST | CUSTOM  CONTAINER | CONTROL  CONTAINER
2026-06-30 14:31:26 | SUCCESS  |   ✓ [B205] 411075 — WH02, WT01 DITAMBAH
2026-06-30 14:31:26 | INFO     | [  57/125]  411075  →  Plant: B351
2026-06-30 14:31:26 | DEBUG    |   Isi Material: 411075
2026-06-30 14:31:28 | DEBUG    |   Isi Plant: B351
2026-06-30 14:31:32 | DEBUG    |   [DEBUG] Mundur ke-1: 'WH01'
2026-06-30 14:31:32 | DEBUG    |   [DEBUG] Mundur ke-2: ''
2026-06-30 14:31:32 | DEBUG    |   [DEBUG] SLoc yang terbaca: ['WH01']
2026-06-30 14:31:32 | INFO     |   Isi SLoc yang belum ada: WH02, WT01
2026-06-30 14:31:33 | DEBUG    |   SLoc baru: WH02
2026-06-30 14:31:34 | DEBUG    |   SLoc baru: WT01
2026-06-30 14:31:35 | DEBUG    |   [DEBUG] Jumlah elemen terbaca: 22
2026-06-30 14:31:35 | DEBUG    |   [DEBUG] Status text: [WINDOWCONTROL:NAME]ENTER STORAGE LOCATIONS COLLECTIVELY: LIST | [BUTTONCONTROL:NAME]OPEN | [BUTTONCONTROL:NAME]DELETE | [LEGACY:DESC]DELETE   (SHIFT+F2) | [LEGACY:VALUE]ENTER STORAGE LOCATIONS COLLECTIVELY: LIST | [LEGACY:DESC]DISPLAYS THE NAME OF THE WINDOW AND CONTAINS CONTROLS TO MANIPULATE IT | [MENUBARCONTROL:NAME]SYSTEM | [LEGACY:DESC]CONTAINS COMMANDS TO MANIPULATE THE WINDOW | [MENUITEMCONTROL:NAME]SYSTEM | [BUTTONCONTROL:NAME]MINIMIZE | [LEGACY:DESC]MOVES THE WINDOW OUT OF THE WAY | [BUTTONCONTROL:NAME]MAXIMIZE | [LEGACY:DESC]MAKES THE WINDOW FULL SCREEN | [BUTTONCONTROL:NAME]CLOSE | [LEGACY:DESC]CLOSES THE WINDOW | CUSTOM  CONTAINER | CONTROL  CONTAINER | CUSTOM  CONTAINER | CONTROL  CONTAINER | SAP'S ADVANCED TREELIST | CUSTOM  CONTAINER | CONTROL  CONTAINER
2026-06-30 14:31:37 | SUCCESS  |   ✓ [B351] 411075 — WH02, WT01 DITAMBAH
2026-06-30 14:31:37 | INFO     | [  58/125]  411075  →  Plant: B352
2026-06-30 14:31:37 | DEBUG    |   Isi Material: 411075
2026-06-30 14:31:39 | DEBUG    |   Isi Plant: B352
2026-06-30 14:31:42 | DEBUG    |   [DEBUG] Mundur ke-1: 'WH01'
2026-06-30 14:31:43 | DEBUG    |   [DEBUG] Mundur ke-2: ''
2026-06-30 14:31:43 | DEBUG    |   [DEBUG] SLoc yang terbaca: ['WH01']
2026-06-30 14:31:43 | INFO     |   Isi SLoc yang belum ada: WH02, WT01
2026-06-30 14:31:43 | DEBUG    |   SLoc baru: WH02
2026-06-30 14:31:44 | DEBUG    |   SLoc baru: WT01
2026-06-30 14:31:45 | DEBUG    |   [DEBUG] Jumlah elemen terbaca: 22
2026-06-30 14:31:45 | DEBUG    |   [DEBUG] Status text: [WINDOWCONTROL:NAME]ENTER STORAGE LOCATIONS COLLECTIVELY: LIST | [BUTTONCONTROL:NAME]OPEN | [BUTTONCONTROL:NAME]DELETE | [LEGACY:DESC]DELETE   (SHIFT+F2) | [LEGACY:VALUE]ENTER STORAGE LOCATIONS COLLECTIVELY: LIST | [LEGACY:DESC]DISPLAYS THE NAME OF THE WINDOW AND CONTAINS CONTROLS TO MANIPULATE IT | [MENUBARCONTROL:NAME]SYSTEM | [LEGACY:DESC]CONTAINS COMMANDS TO MANIPULATE THE WINDOW | [MENUITEMCONTROL:NAME]SYSTEM | [BUTTONCONTROL:NAME]MINIMIZE | [LEGACY:DESC]MOVES THE WINDOW OUT OF THE WAY | [BUTTONCONTROL:NAME]MAXIMIZE | [LEGACY:DESC]MAKES THE WINDOW FULL SCREEN | [BUTTONCONTROL:NAME]CLOSE | [LEGACY:DESC]CLOSES THE WINDOW | CUSTOM  CONTAINER | CONTROL  CONTAINER | CUSTOM  CONTAINER | CONTROL  CONTAINER | SAP'S ADVANCED TREELIST | CUSTOM  CONTAINER | CONTROL  CONTAINER
2026-06-30 14:31:47 | SUCCESS  |   ✓ [B352] 411075 — WH02, WT01 DITAMBAH
2026-06-30 14:31:47 | INFO     | [  59/125]  411075  →  Plant: B353
2026-06-30 14:31:47 | DEBUG    |   Isi Material: 411075
2026-06-30 14:31:49 | DEBUG    |   Isi Plant: B353
2026-06-30 14:31:52 | DEBUG    |   [DEBUG] Mundur ke-1: 'WH01'
2026-06-30 14:31:53 | DEBUG    |   [DEBUG] Mundur ke-2: ''
2026-06-30 14:31:53 | DEBUG    |   [DEBUG] SLoc yang terbaca: ['WH01']
2026-06-30 14:31:53 | INFO     |   Isi SLoc yang belum ada: WH02, WT01
2026-06-30 14:31:54 | DEBUG    |   SLoc baru: WH02
2026-06-30 14:31:55 | DEBUG    |   SLoc baru: WT01
2026-06-30 14:31:55 | DEBUG    |   [DEBUG] Jumlah elemen terbaca: 22
2026-06-30 14:31:55 | DEBUG    |   [DEBUG] Status text: [WINDOWCONTROL:NAME]ENTER STORAGE LOCATIONS COLLECTIVELY: LIST | [BUTTONCONTROL:NAME]OPEN | [BUTTONCONTROL:NAME]DELETE | [LEGACY:DESC]DELETE   (SHIFT+F2) | [LEGACY:VALUE]ENTER STORAGE LOCATIONS COLLECTIVELY: LIST | [LEGACY:DESC]DISPLAYS THE NAME OF THE WINDOW AND CONTAINS CONTROLS TO MANIPULATE IT | [MENUBARCONTROL:NAME]SYSTEM | [LEGACY:DESC]CONTAINS COMMANDS TO MANIPULATE THE WINDOW | [MENUITEMCONTROL:NAME]SYSTEM | [BUTTONCONTROL:NAME]MINIMIZE | [LEGACY:DESC]MOVES THE WINDOW OUT OF THE WAY | [BUTTONCONTROL:NAME]MAXIMIZE | [LEGACY:DESC]MAKES THE WINDOW FULL SCREEN | [BUTTONCONTROL:NAME]CLOSE | [LEGACY:DESC]CLOSES THE WINDOW | CUSTOM  CONTAINER | CONTROL  CONTAINER | CUSTOM  CONTAINER | CONTROL  CONTAINER | SAP'S ADVANCED TREELIST | CUSTOM  CONTAINER | CONTROL  CONTAINER
2026-06-30 14:31:57 | SUCCESS  |   ✓ [B353] 411075 — WH02, WT01 DITAMBAH
2026-06-30 14:31:57 | INFO     | [  60/125]  411075  →  Plant: B354
2026-06-30 14:31:57 | DEBUG    |   Isi Material: 411075
2026-06-30 14:31:59 | DEBUG    |   Isi Plant: B354
2026-06-30 14:32:03 | DEBUG    |   [DEBUG] Mundur ke-1: 'WH01'
2026-06-30 14:32:03 | DEBUG    |   [DEBUG] Mundur ke-2: ''
2026-06-30 14:32:03 | DEBUG    |   [DEBUG] SLoc yang terbaca: ['WH01']
2026-06-30 14:32:03 | INFO     |   Isi SLoc yang belum ada: WH02, WT01
2026-06-30 14:32:04 | DEBUG    |   SLoc baru: WH02
2026-06-30 14:32:05 | DEBUG    |   SLoc baru: WT01
2026-06-30 14:32:06 | DEBUG    |   [DEBUG] Jumlah elemen terbaca: 22
2026-06-30 14:32:06 | DEBUG    |   [DEBUG] Status text: [WINDOWCONTROL:NAME]ENTER STORAGE LOCATIONS COLLECTIVELY: LIST | [BUTTONCONTROL:NAME]OPEN | [BUTTONCONTROL:NAME]DELETE | [LEGACY:DESC]DELETE   (SHIFT+F2) | [LEGACY:VALUE]ENTER STORAGE LOCATIONS COLLECTIVELY: LIST | [LEGACY:DESC]DISPLAYS THE NAME OF THE WINDOW AND CONTAINS CONTROLS TO MANIPULATE IT | [MENUBARCONTROL:NAME]SYSTEM | [LEGACY:DESC]CONTAINS COMMANDS TO MANIPULATE THE WINDOW | [MENUITEMCONTROL:NAME]SYSTEM | [BUTTONCONTROL:NAME]MINIMIZE | [LEGACY:DESC]MOVES THE WINDOW OUT OF THE WAY | [BUTTONCONTROL:NAME]MAXIMIZE | [LEGACY:DESC]MAKES THE WINDOW FULL SCREEN | [BUTTONCONTROL:NAME]CLOSE | [LEGACY:DESC]CLOSES THE WINDOW | CUSTOM  CONTAINER | CONTROL  CONTAINER | CUSTOM  CONTAINER | CONTROL  CONTAINER | SAP'S ADVANCED TREELIST | CUSTOM  CONTAINER | CONTROL  CONTAINER
2026-06-30 14:32:08 | SUCCESS  |   ✓ [B354] 411075 — WH02, WT01 DITAMBAH
2026-06-30 14:32:08 | INFO     | [  61/125]  411075  →  Plant: B356
2026-06-30 14:32:08 | DEBUG    |   Isi Material: 411075
2026-06-30 14:32:10 | DEBUG    |   Isi Plant: B356
2026-06-30 14:32:13 | DEBUG    |   [DEBUG] Mundur ke-1: 'WH01'
2026-06-30 14:32:14 | DEBUG    |   [DEBUG] Mundur ke-2: ''
2026-06-30 14:32:14 | DEBUG    |   [DEBUG] SLoc yang terbaca: ['WH01']
2026-06-30 14:32:14 | INFO     |   Isi SLoc yang belum ada: WH02, WT01
2026-06-30 14:32:14 | DEBUG    |   SLoc baru: WH02
2026-06-30 14:32:15 | DEBUG    |   SLoc baru: WT01
2026-06-30 14:32:16 | DEBUG    |   [DEBUG] Jumlah elemen terbaca: 22
2026-06-30 14:32:16 | DEBUG    |   [DEBUG] Status text: [WINDOWCONTROL:NAME]ENTER STORAGE LOCATIONS COLLECTIVELY: LIST | [BUTTONCONTROL:NAME]OPEN | [BUTTONCONTROL:NAME]DELETE | [LEGACY:DESC]DELETE   (SHIFT+F2) | [LEGACY:VALUE]ENTER STORAGE LOCATIONS COLLECTIVELY: LIST | [LEGACY:DESC]DISPLAYS THE NAME OF THE WINDOW AND CONTAINS CONTROLS TO MANIPULATE IT | [MENUBARCONTROL:NAME]SYSTEM | [LEGACY:DESC]CONTAINS COMMANDS TO MANIPULATE THE WINDOW | [MENUITEMCONTROL:NAME]SYSTEM | [BUTTONCONTROL:NAME]MINIMIZE | [LEGACY:DESC]MOVES THE WINDOW OUT OF THE WAY | [BUTTONCONTROL:NAME]MAXIMIZE | [LEGACY:DESC]MAKES THE WINDOW FULL SCREEN | [BUTTONCONTROL:NAME]CLOSE | [LEGACY:DESC]CLOSES THE WINDOW | CUSTOM  CONTAINER | CONTROL  CONTAINER | CUSTOM  CONTAINER | CONTROL  CONTAINER | SAP'S ADVANCED TREELIST | CUSTOM  CONTAINER | CONTROL  CONTAINER
2026-06-30 14:32:18 | SUCCESS  |   ✓ [B356] 411075 — WH02, WT01 DITAMBAH
2026-06-30 14:32:18 | INFO     | [  62/125]  411075  →  Plant: B357
2026-06-30 14:32:18 | DEBUG    |   Isi Material: 411075
2026-06-30 14:32:20 | DEBUG    |   Isi Plant: B357
2026-06-30 14:32:23 | DEBUG    |   [DEBUG] Mundur ke-1: 'WH01'
2026-06-30 14:32:24 | DEBUG    |   [DEBUG] Mundur ke-2: ''
2026-06-30 14:32:24 | DEBUG    |   [DEBUG] SLoc yang terbaca: ['WH01']
2026-06-30 14:32:24 | INFO     |   Isi SLoc yang belum ada: WH02, WT01
2026-06-30 14:32:25 | DEBUG    |   SLoc baru: WH02
2026-06-30 14:32:26 | DEBUG    |   SLoc baru: WT01
2026-06-30 14:32:26 | DEBUG    |   [DEBUG] Jumlah elemen terbaca: 22
2026-06-30 14:32:26 | DEBUG    |   [DEBUG] Status text: [WINDOWCONTROL:NAME]ENTER STORAGE LOCATIONS COLLECTIVELY: LIST | [BUTTONCONTROL:NAME]OPEN | [BUTTONCONTROL:NAME]DELETE | [LEGACY:DESC]DELETE   (SHIFT+F2) | [LEGACY:VALUE]ENTER STORAGE LOCATIONS COLLECTIVELY: LIST | [LEGACY:DESC]DISPLAYS THE NAME OF THE WINDOW AND CONTAINS CONTROLS TO MANIPULATE IT | [MENUBARCONTROL:NAME]SYSTEM | [LEGACY:DESC]CONTAINS COMMANDS TO MANIPULATE THE WINDOW | [MENUITEMCONTROL:NAME]SYSTEM | [BUTTONCONTROL:NAME]MINIMIZE | [LEGACY:DESC]MOVES THE WINDOW OUT OF THE WAY | [BUTTONCONTROL:NAME]MAXIMIZE | [LEGACY:DESC]MAKES THE WINDOW FULL SCREEN | [BUTTONCONTROL:NAME]CLOSE | [LEGACY:DESC]CLOSES THE WINDOW | CUSTOM  CONTAINER | CONTROL  CONTAINER | CUSTOM  CONTAINER | CONTROL  CONTAINER | SAP'S ADVANCED TREELIST | CUSTOM  CONTAINER | CONTROL  CONTAINER
2026-06-30 14:32:28 | SUCCESS  |   ✓ [B357] 411075 — WH02, WT01 DITAMBAH
2026-06-30 14:32:28 | INFO     | [  63/125]  411075  →  Plant: B358
2026-06-30 14:32:28 | DEBUG    |   Isi Material: 411075
2026-06-30 14:32:30 | DEBUG    |   Isi Plant: B358
2026-06-30 14:32:34 | DEBUG    |   [DEBUG] Mundur ke-1: 'WH01'
2026-06-30 14:32:34 | DEBUG    |   [DEBUG] Mundur ke-2: ''
2026-06-30 14:32:34 | DEBUG    |   [DEBUG] SLoc yang terbaca: ['WH01']
2026-06-30 14:32:34 | INFO     |   Isi SLoc yang belum ada: WH02, WT01
2026-06-30 14:32:35 | DEBUG    |   SLoc baru: WH02
2026-06-30 14:32:36 | DEBUG    |   SLoc baru: WT01
2026-06-30 14:32:37 | DEBUG    |   [DEBUG] Jumlah elemen terbaca: 22
2026-06-30 14:32:37 | DEBUG    |   [DEBUG] Status text: [WINDOWCONTROL:NAME]ENTER STORAGE LOCATIONS COLLECTIVELY: LIST | [BUTTONCONTROL:NAME]OPEN | [BUTTONCONTROL:NAME]DELETE | [LEGACY:DESC]DELETE   (SHIFT+F2) | [LEGACY:VALUE]ENTER STORAGE LOCATIONS COLLECTIVELY: LIST | [LEGACY:DESC]DISPLAYS THE NAME OF THE WINDOW AND CONTAINS CONTROLS TO MANIPULATE IT | [MENUBARCONTROL:NAME]SYSTEM | [LEGACY:DESC]CONTAINS COMMANDS TO MANIPULATE THE WINDOW | [MENUITEMCONTROL:NAME]SYSTEM | [BUTTONCONTROL:NAME]MINIMIZE | [LEGACY:DESC]MOVES THE WINDOW OUT OF THE WAY | [BUTTONCONTROL:NAME]MAXIMIZE | [LEGACY:DESC]MAKES THE WINDOW FULL SCREEN | [BUTTONCONTROL:NAME]CLOSE | [LEGACY:DESC]CLOSES THE WINDOW | CUSTOM  CONTAINER | CONTROL  CONTAINER | CUSTOM  CONTAINER | CONTROL  CONTAINER | SAP'S ADVANCED TREELIST | CUSTOM  CONTAINER | CONTROL  CONTAINER
2026-06-30 14:32:39 | SUCCESS  |   ✓ [B358] 411075 — WH02, WT01 DITAMBAH
2026-06-30 14:32:39 | INFO     | [  64/125]  411075  →  Plant: B360
2026-06-30 14:32:39 | DEBUG    |   Isi Material: 411075
2026-06-30 14:32:41 | DEBUG    |   Isi Plant: B360
2026-06-30 14:32:44 | DEBUG    |   [DEBUG] Mundur ke-1: 'WH01'
2026-06-30 14:32:45 | DEBUG    |   [DEBUG] Mundur ke-2: ''
2026-06-30 14:32:45 | DEBUG    |   [DEBUG] SLoc yang terbaca: ['WH01']
2026-06-30 14:32:45 | INFO     |   Isi SLoc yang belum ada: WH02, WT01
2026-06-30 14:32:45 | DEBUG    |   SLoc baru: WH02
2026-06-30 14:32:46 | DEBUG    |   SLoc baru: WT01
2026-06-30 14:32:47 | DEBUG    |   [DEBUG] Jumlah elemen terbaca: 22
2026-06-30 14:32:47 | DEBUG    |   [DEBUG] Status text: [WINDOWCONTROL:NAME]ENTER STORAGE LOCATIONS COLLECTIVELY: LIST | [BUTTONCONTROL:NAME]OPEN | [BUTTONCONTROL:NAME]DELETE | [LEGACY:DESC]DELETE   (SHIFT+F2) | [LEGACY:VALUE]ENTER STORAGE LOCATIONS COLLECTIVELY: LIST | [LEGACY:DESC]DISPLAYS THE NAME OF THE WINDOW AND CONTAINS CONTROLS TO MANIPULATE IT | [MENUBARCONTROL:NAME]SYSTEM | [LEGACY:DESC]CONTAINS COMMANDS TO MANIPULATE THE WINDOW | [MENUITEMCONTROL:NAME]SYSTEM | [BUTTONCONTROL:NAME]MINIMIZE | [LEGACY:DESC]MOVES THE WINDOW OUT OF THE WAY | [BUTTONCONTROL:NAME]MAXIMIZE | [LEGACY:DESC]MAKES THE WINDOW FULL SCREEN | [BUTTONCONTROL:NAME]CLOSE | [LEGACY:DESC]CLOSES THE WINDOW | CUSTOM  CONTAINER | CONTROL  CONTAINER | CUSTOM  CONTAINER | CONTROL  CONTAINER | SAP'S ADVANCED TREELIST | CUSTOM  CONTAINER | CONTROL  CONTAINER
2026-06-30 14:32:49 | SUCCESS  |   ✓ [B360] 411075 — WH02, WT01 DITAMBAH
2026-06-30 14:32:49 | INFO     | [  65/125]  411075  →  Plant: B361
2026-06-30 14:32:49 | DEBUG    |   Isi Material: 411075
2026-06-30 14:32:51 | DEBUG    |   Isi Plant: B361
2026-06-30 14:32:54 | DEBUG    |   [DEBUG] Mundur ke-1: 'WH01'
2026-06-30 14:32:55 | DEBUG    |   [DEBUG] Mundur ke-2: ''
2026-06-30 14:32:55 | DEBUG    |   [DEBUG] SLoc yang terbaca: ['WH01']
2026-06-30 14:32:55 | INFO     |   Isi SLoc yang belum ada: WH02, WT01
2026-06-30 14:32:56 | DEBUG    |   SLoc baru: WH02
2026-06-30 14:32:57 | DEBUG    |   SLoc baru: WT01
2026-06-30 14:32:58 | DEBUG    |   [DEBUG] Jumlah elemen terbaca: 22
2026-06-30 14:32:58 | DEBUG    |   [DEBUG] Status text: [WINDOWCONTROL:NAME]ENTER STORAGE LOCATIONS COLLECTIVELY: LIST | [BUTTONCONTROL:NAME]OPEN | [BUTTONCONTROL:NAME]DELETE | [LEGACY:DESC]DELETE   (SHIFT+F2) | [LEGACY:VALUE]ENTER STORAGE LOCATIONS COLLECTIVELY: LIST | [LEGACY:DESC]DISPLAYS THE NAME OF THE WINDOW AND CONTAINS CONTROLS TO MANIPULATE IT | [MENUBARCONTROL:NAME]SYSTEM | [LEGACY:DESC]CONTAINS COMMANDS TO MANIPULATE THE WINDOW | [MENUITEMCONTROL:NAME]SYSTEM | [BUTTONCONTROL:NAME]MINIMIZE | [LEGACY:DESC]MOVES THE WINDOW OUT OF THE WAY | [BUTTONCONTROL:NAME]MAXIMIZE | [LEGACY:DESC]MAKES THE WINDOW FULL SCREEN | [BUTTONCONTROL:NAME]CLOSE | [LEGACY:DESC]CLOSES THE WINDOW | CUSTOM  CONTAINER | CONTROL  CONTAINER | CUSTOM  CONTAINER | CONTROL  CONTAINER | SAP'S ADVANCED TREELIST | CUSTOM  CONTAINER | CONTROL  CONTAINER
2026-06-30 14:33:00 | SUCCESS  |   ✓ [B361] 411075 — WH02, WT01 DITAMBAH
2026-06-30 14:33:00 | INFO     | [  66/125]  411075  →  Plant: B362
2026-06-30 14:33:00 | DEBUG    |   Isi Material: 411075
2026-06-30 14:33:01 | DEBUG    |   Isi Plant: B362
2026-06-30 14:33:05 | DEBUG    |   [DEBUG] Mundur ke-1: 'WH01'
2026-06-30 14:33:05 | DEBUG    |   [DEBUG] Mundur ke-2: ''
2026-06-30 14:33:06 | DEBUG    |   [DEBUG] SLoc yang terbaca: ['WH01']
2026-06-30 14:33:06 | INFO     |   Isi SLoc yang belum ada: WH02, WT01
2026-06-30 14:33:06 | DEBUG    |   SLoc baru: WH02
2026-06-30 14:33:07 | DEBUG    |   SLoc baru: WT01
2026-06-30 14:33:08 | DEBUG    |   [DEBUG] Jumlah elemen terbaca: 22
2026-06-30 14:33:08 | DEBUG    |   [DEBUG] Status text: [WINDOWCONTROL:NAME]ENTER STORAGE LOCATIONS COLLECTIVELY: LIST | [BUTTONCONTROL:NAME]OPEN | [BUTTONCONTROL:NAME]DELETE | [LEGACY:DESC]DELETE   (SHIFT+F2) | [LEGACY:VALUE]ENTER STORAGE LOCATIONS COLLECTIVELY: LIST | [LEGACY:DESC]DISPLAYS THE NAME OF THE WINDOW AND CONTAINS CONTROLS TO MANIPULATE IT | [MENUBARCONTROL:NAME]SYSTEM | [LEGACY:DESC]CONTAINS COMMANDS TO MANIPULATE THE WINDOW | [MENUITEMCONTROL:NAME]SYSTEM | [BUTTONCONTROL:NAME]MINIMIZE | [LEGACY:DESC]MOVES THE WINDOW OUT OF THE WAY | [BUTTONCONTROL:NAME]MAXIMIZE | [LEGACY:DESC]MAKES THE WINDOW FULL SCREEN | [BUTTONCONTROL:NAME]CLOSE | [LEGACY:DESC]CLOSES THE WINDOW | CUSTOM  CONTAINER | CONTROL  CONTAINER | CUSTOM  CONTAINER | CONTROL  CONTAINER | SAP'S ADVANCED TREELIST | CUSTOM  CONTAINER | CONTROL  CONTAINER
2026-06-30 14:33:10 | SUCCESS  |   ✓ [B362] 411075 — WH02, WT01 DITAMBAH
2026-06-30 14:33:10 | INFO     | [  67/125]  411075  →  Plant: B363
2026-06-30 14:33:10 | DEBUG    |   Isi Material: 411075
2026-06-30 14:33:12 | DEBUG    |   Isi Plant: B363
2026-06-30 14:33:15 | DEBUG    |   [DEBUG] Mundur ke-1: 'WH01'
2026-06-30 14:33:16 | DEBUG    |   [DEBUG] Mundur ke-2: ''
2026-06-30 14:33:16 | DEBUG    |   [DEBUG] SLoc yang terbaca: ['WH01']
2026-06-30 14:33:16 | INFO     |   Isi SLoc yang belum ada: WH02, WT01
2026-06-30 14:33:16 | DEBUG    |   SLoc baru: WH02
2026-06-30 14:33:17 | DEBUG    |   SLoc baru: WT01
2026-06-30 14:33:18 | DEBUG    |   [DEBUG] Jumlah elemen terbaca: 22
2026-06-30 14:33:18 | DEBUG    |   [DEBUG] Status text: [WINDOWCONTROL:NAME]ENTER STORAGE LOCATIONS COLLECTIVELY: LIST | [BUTTONCONTROL:NAME]OPEN | [BUTTONCONTROL:NAME]DELETE | [LEGACY:DESC]DELETE   (SHIFT+F2) | [LEGACY:VALUE]ENTER STORAGE LOCATIONS COLLECTIVELY: LIST | [LEGACY:DESC]DISPLAYS THE NAME OF THE WINDOW AND CONTAINS CONTROLS TO MANIPULATE IT | [MENUBARCONTROL:NAME]SYSTEM | [LEGACY:DESC]CONTAINS COMMANDS TO MANIPULATE THE WINDOW | [MENUITEMCONTROL:NAME]SYSTEM | [BUTTONCONTROL:NAME]MINIMIZE | [LEGACY:DESC]MOVES THE WINDOW OUT OF THE WAY | [BUTTONCONTROL:NAME]MAXIMIZE | [LEGACY:DESC]MAKES THE WINDOW FULL SCREEN | [BUTTONCONTROL:NAME]CLOSE | [LEGACY:DESC]CLOSES THE WINDOW | CUSTOM  CONTAINER | CONTROL  CONTAINER | CUSTOM  CONTAINER | CONTROL  CONTAINER | SAP'S ADVANCED TREELIST | CUSTOM  CONTAINER | CONTROL  CONTAINER
2026-06-30 14:33:20 | SUCCESS  |   ✓ [B363] 411075 — WH02, WT01 DITAMBAH
2026-06-30 14:33:20 | INFO     | [  68/125]  411075  →  Plant: B364
2026-06-30 14:33:20 | DEBUG    |   Isi Material: 411075
2026-06-30 14:33:22 | DEBUG    |   Isi Plant: B364
2026-06-30 14:33:25 | DEBUG    |   [DEBUG] Mundur ke-1: 'WH01'
2026-06-30 14:33:26 | DEBUG    |   [DEBUG] Mundur ke-2: ''
2026-06-30 14:33:26 | DEBUG    |   [DEBUG] SLoc yang terbaca: ['WH01']
2026-06-30 14:33:26 | INFO     |   Isi SLoc yang belum ada: WH02, WT01
2026-06-30 14:33:27 | DEBUG    |   SLoc baru: WH02
2026-06-30 14:33:28 | DEBUG    |   SLoc baru: WT01
2026-06-30 14:33:29 | DEBUG    |   [DEBUG] Jumlah elemen terbaca: 22
2026-06-30 14:33:29 | DEBUG    |   [DEBUG] Status text: [WINDOWCONTROL:NAME]ENTER STORAGE LOCATIONS COLLECTIVELY: LIST | [BUTTONCONTROL:NAME]OPEN | [BUTTONCONTROL:NAME]DELETE | [LEGACY:DESC]DELETE   (SHIFT+F2) | [LEGACY:VALUE]ENTER STORAGE LOCATIONS COLLECTIVELY: LIST | [LEGACY:DESC]DISPLAYS THE NAME OF THE WINDOW AND CONTAINS CONTROLS TO MANIPULATE IT | [MENUBARCONTROL:NAME]SYSTEM | [LEGACY:DESC]CONTAINS COMMANDS TO MANIPULATE THE WINDOW | [MENUITEMCONTROL:NAME]SYSTEM | [BUTTONCONTROL:NAME]MINIMIZE | [LEGACY:DESC]MOVES THE WINDOW OUT OF THE WAY | [BUTTONCONTROL:NAME]MAXIMIZE | [LEGACY:DESC]MAKES THE WINDOW FULL SCREEN | [BUTTONCONTROL:NAME]CLOSE | [LEGACY:DESC]CLOSES THE WINDOW | CUSTOM  CONTAINER | CONTROL  CONTAINER | CUSTOM  CONTAINER | CONTROL  CONTAINER | SAP'S ADVANCED TREELIST | CUSTOM  CONTAINER | CONTROL  CONTAINER
2026-06-30 14:33:31 | SUCCESS  |   ✓ [B364] 411075 — WH02, WT01 DITAMBAH
2026-06-30 14:33:31 | INFO     | [  69/125]  411075  →  Plant: B365
2026-06-30 14:33:31 | DEBUG    |   Isi Material: 411075
2026-06-30 14:33:32 | DEBUG    |   Isi Plant: B365
2026-06-30 14:33:36 | DEBUG    |   [DEBUG] Mundur ke-1: 'WH01'
2026-06-30 14:33:36 | DEBUG    |   [DEBUG] Mundur ke-2: ''
2026-06-30 14:33:37 | DEBUG    |   [DEBUG] SLoc yang terbaca: ['WH01']
2026-06-30 14:33:37 | INFO     |   Isi SLoc yang belum ada: WH02, WT01
2026-06-30 14:33:37 | DEBUG    |   SLoc baru: WH02
2026-06-30 14:33:38 | DEBUG    |   SLoc baru: WT01
2026-06-30 14:33:39 | DEBUG    |   [DEBUG] Jumlah elemen terbaca: 22
2026-06-30 14:33:39 | DEBUG    |   [DEBUG] Status text: [WINDOWCONTROL:NAME]ENTER STORAGE LOCATIONS COLLECTIVELY: LIST | [BUTTONCONTROL:NAME]OPEN | [BUTTONCONTROL:NAME]DELETE | [LEGACY:DESC]DELETE   (SHIFT+F2) | [LEGACY:VALUE]ENTER STORAGE LOCATIONS COLLECTIVELY: LIST | [LEGACY:DESC]DISPLAYS THE NAME OF THE WINDOW AND CONTAINS CONTROLS TO MANIPULATE IT | [MENUBARCONTROL:NAME]SYSTEM | [LEGACY:DESC]CONTAINS COMMANDS TO MANIPULATE THE WINDOW | [MENUITEMCONTROL:NAME]SYSTEM | [BUTTONCONTROL:NAME]MINIMIZE | [LEGACY:DESC]MOVES THE WINDOW OUT OF THE WAY | [BUTTONCONTROL:NAME]MAXIMIZE | [LEGACY:DESC]MAKES THE WINDOW FULL SCREEN | [BUTTONCONTROL:NAME]CLOSE | [LEGACY:DESC]CLOSES THE WINDOW | CUSTOM  CONTAINER | CONTROL  CONTAINER | CUSTOM  CONTAINER | CONTROL  CONTAINER | SAP'S ADVANCED TREELIST | CUSTOM  CONTAINER | CONTROL  CONTAINER
2026-06-30 14:33:41 | SUCCESS  |   ✓ [B365] 411075 — WH02, WT01 DITAMBAH
2026-06-30 14:33:41 | INFO     | [  70/125]  411075  →  Plant: B366
2026-06-30 14:33:41 | DEBUG    |   Isi Material: 411075
2026-06-30 14:33:43 | DEBUG    |   Isi Plant: B366
2026-06-30 14:33:46 | DEBUG    |   [DEBUG] Mundur ke-1: 'WH01'
2026-06-30 14:33:47 | DEBUG    |   [DEBUG] Mundur ke-2: ''
2026-06-30 14:33:47 | DEBUG    |   [DEBUG] SLoc yang terbaca: ['WH01']
2026-06-30 14:33:47 | INFO     |   Isi SLoc yang belum ada: WH02, WT01
2026-06-30 14:33:47 | DEBUG    |   SLoc baru: WH02
2026-06-30 14:33:48 | DEBUG    |   SLoc baru: WT01
2026-06-30 14:33:49 | DEBUG    |   [DEBUG] Jumlah elemen terbaca: 22
2026-06-30 14:33:49 | DEBUG    |   [DEBUG] Status text: [WINDOWCONTROL:NAME]ENTER STORAGE LOCATIONS COLLECTIVELY: LIST | [BUTTONCONTROL:NAME]OPEN | [BUTTONCONTROL:NAME]DELETE | [LEGACY:DESC]DELETE   (SHIFT+F2) | [LEGACY:VALUE]ENTER STORAGE LOCATIONS COLLECTIVELY: LIST | [LEGACY:DESC]DISPLAYS THE NAME OF THE WINDOW AND CONTAINS CONTROLS TO MANIPULATE IT | [MENUBARCONTROL:NAME]SYSTEM | [LEGACY:DESC]CONTAINS COMMANDS TO MANIPULATE THE WINDOW | [MENUITEMCONTROL:NAME]SYSTEM | [BUTTONCONTROL:NAME]MINIMIZE | [LEGACY:DESC]MOVES THE WINDOW OUT OF THE WAY | [BUTTONCONTROL:NAME]MAXIMIZE | [LEGACY:DESC]MAKES THE WINDOW FULL SCREEN | [BUTTONCONTROL:NAME]CLOSE | [LEGACY:DESC]CLOSES THE WINDOW | CUSTOM  CONTAINER | CONTROL  CONTAINER | CUSTOM  CONTAINER | CONTROL  CONTAINER | SAP'S ADVANCED TREELIST | CUSTOM  CONTAINER | CONTROL  CONTAINER
2026-06-30 14:33:51 | SUCCESS  |   ✓ [B366] 411075 — WH02, WT01 DITAMBAH
2026-06-30 14:33:51 | INFO     | [  71/125]  411075  →  Plant: B367
2026-06-30 14:33:51 | DEBUG    |   Isi Material: 411075
2026-06-30 14:33:53 | DEBUG    |   Isi Plant: B367
2026-06-30 14:33:57 | DEBUG    |   [DEBUG] Mundur ke-1: 'WH01'
2026-06-30 14:33:57 | DEBUG    |   [DEBUG] Mundur ke-2: ''
2026-06-30 14:33:57 | DEBUG    |   [DEBUG] SLoc yang terbaca: ['WH01']
2026-06-30 14:33:57 | INFO     |   Isi SLoc yang belum ada: WH02, WT01
2026-06-30 14:33:58 | DEBUG    |   SLoc baru: WH02
2026-06-30 14:33:59 | DEBUG    |   SLoc baru: WT01
2026-06-30 14:34:00 | DEBUG    |   [DEBUG] Jumlah elemen terbaca: 22
2026-06-30 14:34:00 | DEBUG    |   [DEBUG] Status text: [WINDOWCONTROL:NAME]ENTER STORAGE LOCATIONS COLLECTIVELY: LIST | [BUTTONCONTROL:NAME]OPEN | [BUTTONCONTROL:NAME]DELETE | [LEGACY:DESC]DELETE   (SHIFT+F2) | [LEGACY:VALUE]ENTER STORAGE LOCATIONS COLLECTIVELY: LIST | [LEGACY:DESC]DISPLAYS THE NAME OF THE WINDOW AND CONTAINS CONTROLS TO MANIPULATE IT | [MENUBARCONTROL:NAME]SYSTEM | [LEGACY:DESC]CONTAINS COMMANDS TO MANIPULATE THE WINDOW | [MENUITEMCONTROL:NAME]SYSTEM | [BUTTONCONTROL:NAME]MINIMIZE | [LEGACY:DESC]MOVES THE WINDOW OUT OF THE WAY | [BUTTONCONTROL:NAME]MAXIMIZE | [LEGACY:DESC]MAKES THE WINDOW FULL SCREEN | [BUTTONCONTROL:NAME]CLOSE | [LEGACY:DESC]CLOSES THE WINDOW | CUSTOM  CONTAINER | CONTROL  CONTAINER | CUSTOM  CONTAINER | CONTROL  CONTAINER | SAP'S ADVANCED TREELIST | CUSTOM  CONTAINER | CONTROL  CONTAINER
2026-06-30 14:34:02 | SUCCESS  |   ✓ [B367] 411075 — WH02, WT01 DITAMBAH
2026-06-30 14:34:02 | INFO     | [  72/125]  411075  →  Plant: B368
2026-06-30 14:34:02 | DEBUG    |   Isi Material: 411075
2026-06-30 14:34:04 | DEBUG    |   Isi Plant: B368
2026-06-30 14:34:07 | DEBUG    |   [DEBUG] Mundur ke-1: 'WH01'
2026-06-30 14:34:08 | DEBUG    |   [DEBUG] Mundur ke-2: ''
2026-06-30 14:34:08 | DEBUG    |   [DEBUG] SLoc yang terbaca: ['WH01']
2026-06-30 14:34:08 | INFO     |   Isi SLoc yang belum ada: WH02, WT01
2026-06-30 14:34:08 | DEBUG    |   SLoc baru: WH02
2026-06-30 14:34:09 | DEBUG    |   SLoc baru: WT01
2026-06-30 14:34:10 | DEBUG    |   [DEBUG] Jumlah elemen terbaca: 22
2026-06-30 14:34:10 | DEBUG    |   [DEBUG] Status text: [WINDOWCONTROL:NAME]ENTER STORAGE LOCATIONS COLLECTIVELY: LIST | [BUTTONCONTROL:NAME]OPEN | [BUTTONCONTROL:NAME]DELETE | [LEGACY:DESC]DELETE   (SHIFT+F2) | [LEGACY:VALUE]ENTER STORAGE LOCATIONS COLLECTIVELY: LIST | [LEGACY:DESC]DISPLAYS THE NAME OF THE WINDOW AND CONTAINS CONTROLS TO MANIPULATE IT | [MENUBARCONTROL:NAME]SYSTEM | [LEGACY:DESC]CONTAINS COMMANDS TO MANIPULATE THE WINDOW | [MENUITEMCONTROL:NAME]SYSTEM | [BUTTONCONTROL:NAME]MINIMIZE | [LEGACY:DESC]MOVES THE WINDOW OUT OF THE WAY | [BUTTONCONTROL:NAME]MAXIMIZE | [LEGACY:DESC]MAKES THE WINDOW FULL SCREEN | [BUTTONCONTROL:NAME]CLOSE | [LEGACY:DESC]CLOSES THE WINDOW | CUSTOM  CONTAINER | CONTROL  CONTAINER | CUSTOM  CONTAINER | CONTROL  CONTAINER | SAP'S ADVANCED TREELIST | CUSTOM  CONTAINER | CONTROL  CONTAINER
2026-06-30 14:34:12 | SUCCESS  |   ✓ [B368] 411075 — WH02, WT01 DITAMBAH
2026-06-30 14:34:12 | INFO     | [  73/125]  411075  →  Plant: B369
2026-06-30 14:34:12 | DEBUG    |   Isi Material: 411075
2026-06-30 14:34:14 | DEBUG    |   Isi Plant: B369
2026-06-30 14:34:17 | DEBUG    |   [DEBUG] Mundur ke-1: 'WH01'
2026-06-30 14:34:18 | DEBUG    |   [DEBUG] Mundur ke-2: ''
2026-06-30 14:34:18 | DEBUG    |   [DEBUG] SLoc yang terbaca: ['WH01']
2026-06-30 14:34:18 | INFO     |   Isi SLoc yang belum ada: WH02, WT01
2026-06-30 14:34:19 | DEBUG    |   SLoc baru: WH02
2026-06-30 14:34:20 | DEBUG    |   SLoc baru: WT01
2026-06-30 14:34:20 | DEBUG    |   [DEBUG] Jumlah elemen terbaca: 22
2026-06-30 14:34:20 | DEBUG    |   [DEBUG] Status text: [WINDOWCONTROL:NAME]ENTER STORAGE LOCATIONS COLLECTIVELY: LIST | [BUTTONCONTROL:NAME]OPEN | [BUTTONCONTROL:NAME]DELETE | [LEGACY:DESC]DELETE   (SHIFT+F2) | [LEGACY:VALUE]ENTER STORAGE LOCATIONS COLLECTIVELY: LIST | [LEGACY:DESC]DISPLAYS THE NAME OF THE WINDOW AND CONTAINS CONTROLS TO MANIPULATE IT | [MENUBARCONTROL:NAME]SYSTEM | [LEGACY:DESC]CONTAINS COMMANDS TO MANIPULATE THE WINDOW | [MENUITEMCONTROL:NAME]SYSTEM | [BUTTONCONTROL:NAME]MINIMIZE | [LEGACY:DESC]MOVES THE WINDOW OUT OF THE WAY | [BUTTONCONTROL:NAME]MAXIMIZE | [LEGACY:DESC]MAKES THE WINDOW FULL SCREEN | [BUTTONCONTROL:NAME]CLOSE | [LEGACY:DESC]CLOSES THE WINDOW | CUSTOM  CONTAINER | CONTROL  CONTAINER | CUSTOM  CONTAINER | CONTROL  CONTAINER | SAP'S ADVANCED TREELIST | CUSTOM  CONTAINER | CONTROL  CONTAINER
2026-06-30 14:34:22 | SUCCESS  |   ✓ [B369] 411075 — WH02, WT01 DITAMBAH
2026-06-30 14:34:22 | INFO     | [  74/125]  411075  →  Plant: B373
2026-06-30 14:34:22 | DEBUG    |   Isi Material: 411075
2026-06-30 14:34:24 | DEBUG    |   Isi Plant: B373
2026-06-30 14:34:28 | DEBUG    |   [DEBUG] Mundur ke-1: 'WH01'
2026-06-30 14:34:28 | DEBUG    |   [DEBUG] Mundur ke-2: ''
2026-06-30 14:34:28 | DEBUG    |   [DEBUG] SLoc yang terbaca: ['WH01']
2026-06-30 14:34:28 | INFO     |   Isi SLoc yang belum ada: WH02, WT01
2026-06-30 14:34:29 | DEBUG    |   SLoc baru: WH02
2026-06-30 14:34:30 | DEBUG    |   SLoc baru: WT01
2026-06-30 14:34:31 | DEBUG    |   [DEBUG] Jumlah elemen terbaca: 22
2026-06-30 14:34:31 | DEBUG    |   [DEBUG] Status text: [WINDOWCONTROL:NAME]ENTER STORAGE LOCATIONS COLLECTIVELY: LIST | [BUTTONCONTROL:NAME]OPEN | [BUTTONCONTROL:NAME]DELETE | [LEGACY:DESC]DELETE   (SHIFT+F2) | [LEGACY:VALUE]ENTER STORAGE LOCATIONS COLLECTIVELY: LIST | [LEGACY:DESC]DISPLAYS THE NAME OF THE WINDOW AND CONTAINS CONTROLS TO MANIPULATE IT | [MENUBARCONTROL:NAME]SYSTEM | [LEGACY:DESC]CONTAINS COMMANDS TO MANIPULATE THE WINDOW | [MENUITEMCONTROL:NAME]SYSTEM | [BUTTONCONTROL:NAME]MINIMIZE | [LEGACY:DESC]MOVES THE WINDOW OUT OF THE WAY | [BUTTONCONTROL:NAME]MAXIMIZE | [LEGACY:DESC]MAKES THE WINDOW FULL SCREEN | [BUTTONCONTROL:NAME]CLOSE | [LEGACY:DESC]CLOSES THE WINDOW | CUSTOM  CONTAINER | CONTROL  CONTAINER | CUSTOM  CONTAINER | CONTROL  CONTAINER | SAP'S ADVANCED TREELIST | CUSTOM  CONTAINER | CONTROL  CONTAINER
2026-06-30 14:34:33 | SUCCESS  |   ✓ [B373] 411075 — WH02, WT01 DITAMBAH
2026-06-30 14:34:33 | INFO     | [  75/125]  411075  →  Plant: B394
2026-06-30 14:34:33 | DEBUG    |   Isi Material: 411075
2026-06-30 14:34:35 | DEBUG    |   Isi Plant: B394
2026-06-30 14:34:37 | WARNING  |   [SKIP] [B394] 411075 -- Error SAP (locked/not exist), lanjut plant berikutnya
2026-06-30 14:34:38 | INFO     | [  76/125]  411076  →  Plant: B200
2026-06-30 14:34:38 | DEBUG    |   Isi Material: 411076
2026-06-30 14:34:40 | DEBUG    |   Isi Plant: B200
2026-06-30 14:34:43 | DEBUG    |   [DEBUG] Mundur ke-1: 'WH01'
2026-06-30 14:34:44 | DEBUG    |   [DEBUG] Mundur ke-2: ''
2026-06-30 14:34:44 | DEBUG    |   [DEBUG] SLoc yang terbaca: ['WH01']
2026-06-30 14:34:44 | INFO     |   Isi SLoc yang belum ada: WH02, WT01
2026-06-30 14:34:44 | DEBUG    |   SLoc baru: WH02
2026-06-30 14:34:45 | DEBUG    |   SLoc baru: WT01
2026-06-30 14:34:46 | DEBUG    |   [DEBUG] Jumlah elemen terbaca: 23
2026-06-30 14:34:46 | DEBUG    |   [DEBUG] Status text: [WINDOWCONTROL:NAME]ENTER STORAGE LOCATIONS COLLECTIVELY: LIST | [BUTTONCONTROL:NAME]OPEN | [BUTTONCONTROL:NAME]DELETE | [LEGACY:DESC]DELETE   (SHIFT+F2) | [PANECONTROL:NAME]ENTRY B394 B200  DOES NOT EXIST IN T001L (CHECK ENTRY) | [LEGACY:VALUE]ENTER STORAGE LOCATIONS COLLECTIVELY: LIST | [LEGACY:DESC]DISPLAYS THE NAME OF THE WINDOW AND CONTAINS CONTROLS TO MANIPULATE IT | [MENUBARCONTROL:NAME]SYSTEM | [LEGACY:DESC]CONTAINS COMMANDS TO MANIPULATE THE WINDOW | [MENUITEMCONTROL:NAME]SYSTEM | [BUTTONCONTROL:NAME]MINIMIZE | [LEGACY:DESC]MOVES THE WINDOW OUT OF THE WAY | [BUTTONCONTROL:NAME]MAXIMIZE | [LEGACY:DESC]MAKES THE WINDOW FULL SCREEN | [BUTTONCONTROL:NAME]CLOSE | [LEGACY:DESC]CLOSES THE WINDOW | CUSTOM  CONTAINER | CONTROL  CONTAINER | CUSTOM  CONTAINER | CONTROL  CONTAINER | SAP'S ADVANCED TREELIST | CUSTOM  CONTAINER | CONTROL  CONTAINER
2026-06-30 14:34:48 | SUCCESS  |   ✓ [B200] 411076 — WH02, WT01 DITAMBAH
2026-06-30 14:34:48 | INFO     | [  77/125]  411076  →  Plant: B201
2026-06-30 14:34:48 | DEBUG    |   Isi Material: 411076
2026-06-30 14:34:50 | DEBUG    |   Isi Plant: B201
2026-06-30 14:34:53 | DEBUG    |   [DEBUG] Mundur ke-1: 'WH01'
2026-06-30 14:34:54 | DEBUG    |   [DEBUG] Mundur ke-2: ''
2026-06-30 14:34:54 | DEBUG    |   [DEBUG] SLoc yang terbaca: ['WH01']
2026-06-30 14:34:54 | INFO     |   Isi SLoc yang belum ada: WH02, WT01
2026-06-30 14:34:55 | DEBUG    |   SLoc baru: WH02
2026-06-30 14:34:56 | DEBUG    |   SLoc baru: WT01
2026-06-30 14:34:57 | DEBUG    |   [DEBUG] Jumlah elemen terbaca: 22
2026-06-30 14:34:57 | DEBUG    |   [DEBUG] Status text: [WINDOWCONTROL:NAME]ENTER STORAGE LOCATIONS COLLECTIVELY: LIST | [BUTTONCONTROL:NAME]OPEN | [BUTTONCONTROL:NAME]DELETE | [LEGACY:DESC]DELETE   (SHIFT+F2) | [LEGACY:VALUE]ENTER STORAGE LOCATIONS COLLECTIVELY: LIST | [LEGACY:DESC]DISPLAYS THE NAME OF THE WINDOW AND CONTAINS CONTROLS TO MANIPULATE IT | [MENUBARCONTROL:NAME]SYSTEM | [LEGACY:DESC]CONTAINS COMMANDS TO MANIPULATE THE WINDOW | [MENUITEMCONTROL:NAME]SYSTEM | [BUTTONCONTROL:NAME]MINIMIZE | [LEGACY:DESC]MOVES THE WINDOW OUT OF THE WAY | [BUTTONCONTROL:NAME]MAXIMIZE | [LEGACY:DESC]MAKES THE WINDOW FULL SCREEN | [BUTTONCONTROL:NAME]CLOSE | [LEGACY:DESC]CLOSES THE WINDOW | CUSTOM  CONTAINER | CONTROL  CONTAINER | CUSTOM  CONTAINER | CONTROL  CONTAINER | SAP'S ADVANCED TREELIST | CUSTOM  CONTAINER | CONTROL  CONTAINER
2026-06-30 14:34:59 | SUCCESS  |   ✓ [B201] 411076 — WH02, WT01 DITAMBAH
2026-06-30 14:34:59 | INFO     | [  78/125]  411076  →  Plant: B202
2026-06-30 14:34:59 | DEBUG    |   Isi Material: 411076
2026-06-30 14:35:00 | DEBUG    |   Isi Plant: B202
2026-06-30 14:35:04 | DEBUG    |   [DEBUG] Mundur ke-1: 'WH01'
2026-06-30 14:35:04 | DEBUG    |   [DEBUG] Mundur ke-2: ''
2026-06-30 14:35:05 | DEBUG    |   [DEBUG] SLoc yang terbaca: ['WH01']
2026-06-30 14:35:05 | INFO     |   Isi SLoc yang belum ada: WH02, WT01
2026-06-30 14:35:05 | DEBUG    |   SLoc baru: WH02
2026-06-30 14:35:06 | DEBUG    |   SLoc baru: WT01
2026-06-30 14:35:07 | DEBUG    |   [DEBUG] Jumlah elemen terbaca: 22
2026-06-30 14:35:07 | DEBUG    |   [DEBUG] Status text: [WINDOWCONTROL:NAME]ENTER STORAGE LOCATIONS COLLECTIVELY: LIST | [BUTTONCONTROL:NAME]OPEN | [BUTTONCONTROL:NAME]DELETE | [LEGACY:DESC]DELETE   (SHIFT+F2) | [LEGACY:VALUE]ENTER STORAGE LOCATIONS COLLECTIVELY: LIST | [LEGACY:DESC]DISPLAYS THE NAME OF THE WINDOW AND CONTAINS CONTROLS TO MANIPULATE IT | [MENUBARCONTROL:NAME]SYSTEM | [LEGACY:DESC]CONTAINS COMMANDS TO MANIPULATE THE WINDOW | [MENUITEMCONTROL:NAME]SYSTEM | [BUTTONCONTROL:NAME]MINIMIZE | [LEGACY:DESC]MOVES THE WINDOW OUT OF THE WAY | [BUTTONCONTROL:NAME]MAXIMIZE | [LEGACY:DESC]MAKES THE WINDOW FULL SCREEN | [BUTTONCONTROL:NAME]CLOSE | [LEGACY:DESC]CLOSES THE WINDOW | CUSTOM  CONTAINER | CONTROL  CONTAINER | CUSTOM  CONTAINER | CONTROL  CONTAINER | SAP'S ADVANCED TREELIST | CUSTOM  CONTAINER | CONTROL  CONTAINER
2026-06-30 14:35:09 | SUCCESS  |   ✓ [B202] 411076 — WH02, WT01 DITAMBAH
2026-06-30 14:35:09 | INFO     | [  79/125]  411076  →  Plant: B203
2026-06-30 14:35:09 | DEBUG    |   Isi Material: 411076
2026-06-30 14:35:11 | DEBUG    |   Isi Plant: B203
2026-06-30 14:35:14 | DEBUG    |   [DEBUG] Mundur ke-1: 'WH01'
2026-06-30 14:35:15 | DEBUG    |   [DEBUG] Mundur ke-2: ''
2026-06-30 14:35:15 | DEBUG    |   [DEBUG] SLoc yang terbaca: ['WH01']
2026-06-30 14:35:15 | INFO     |   Isi SLoc yang belum ada: WH02, WT01
2026-06-30 14:35:15 | DEBUG    |   SLoc baru: WH02
2026-06-30 14:35:16 | DEBUG    |   SLoc baru: WT01
2026-06-30 14:35:17 | DEBUG    |   [DEBUG] Jumlah elemen terbaca: 22
2026-06-30 14:35:17 | DEBUG    |   [DEBUG] Status text: [WINDOWCONTROL:NAME]ENTER STORAGE LOCATIONS COLLECTIVELY: LIST | [BUTTONCONTROL:NAME]OPEN | [BUTTONCONTROL:NAME]DELETE | [LEGACY:DESC]DELETE   (SHIFT+F2) | [LEGACY:VALUE]ENTER STORAGE LOCATIONS COLLECTIVELY: LIST | [LEGACY:DESC]DISPLAYS THE NAME OF THE WINDOW AND CONTAINS CONTROLS TO MANIPULATE IT | [MENUBARCONTROL:NAME]SYSTEM | [LEGACY:DESC]CONTAINS COMMANDS TO MANIPULATE THE WINDOW | [MENUITEMCONTROL:NAME]SYSTEM | [BUTTONCONTROL:NAME]MINIMIZE | [LEGACY:DESC]MOVES THE WINDOW OUT OF THE WAY | [BUTTONCONTROL:NAME]MAXIMIZE | [LEGACY:DESC]MAKES THE WINDOW FULL SCREEN | [BUTTONCONTROL:NAME]CLOSE | [LEGACY:DESC]CLOSES THE WINDOW | CUSTOM  CONTAINER | CONTROL  CONTAINER | CUSTOM  CONTAINER | CONTROL  CONTAINER | SAP'S ADVANCED TREELIST | CUSTOM  CONTAINER | CONTROL  CONTAINER
2026-06-30 14:35:19 | SUCCESS  |   ✓ [B203] 411076 — WH02, WT01 DITAMBAH
2026-06-30 14:35:19 | INFO     | [  80/125]  411076  →  Plant: B204
2026-06-30 14:35:19 | DEBUG    |   Isi Material: 411076
2026-06-30 14:35:21 | DEBUG    |   Isi Plant: B204
2026-06-30 14:35:25 | DEBUG    |   [DEBUG] Mundur ke-1: 'WH01'
2026-06-30 14:35:25 | DEBUG    |   [DEBUG] Mundur ke-2: ''
2026-06-30 14:35:25 | DEBUG    |   [DEBUG] SLoc yang terbaca: ['WH01']
2026-06-30 14:35:25 | INFO     |   Isi SLoc yang belum ada: WH02, WT01
2026-06-30 14:35:26 | DEBUG    |   SLoc baru: WH02
2026-06-30 14:35:27 | DEBUG    |   SLoc baru: WT01
2026-06-30 14:35:28 | DEBUG    |   [DEBUG] Jumlah elemen terbaca: 22
2026-06-30 14:35:28 | DEBUG    |   [DEBUG] Status text: [WINDOWCONTROL:NAME]ENTER STORAGE LOCATIONS COLLECTIVELY: LIST | [BUTTONCONTROL:NAME]OPEN | [BUTTONCONTROL:NAME]DELETE | [LEGACY:DESC]DELETE   (SHIFT+F2) | [LEGACY:VALUE]ENTER STORAGE LOCATIONS COLLECTIVELY: LIST | [LEGACY:DESC]DISPLAYS THE NAME OF THE WINDOW AND CONTAINS CONTROLS TO MANIPULATE IT | [MENUBARCONTROL:NAME]SYSTEM | [LEGACY:DESC]CONTAINS COMMANDS TO MANIPULATE THE WINDOW | [MENUITEMCONTROL:NAME]SYSTEM | [BUTTONCONTROL:NAME]MINIMIZE | [LEGACY:DESC]MOVES THE WINDOW OUT OF THE WAY | [BUTTONCONTROL:NAME]MAXIMIZE | [LEGACY:DESC]MAKES THE WINDOW FULL SCREEN | [BUTTONCONTROL:NAME]CLOSE | [LEGACY:DESC]CLOSES THE WINDOW | CUSTOM  CONTAINER | CONTROL  CONTAINER | CUSTOM  CONTAINER | CONTROL  CONTAINER | SAP'S ADVANCED TREELIST | CUSTOM  CONTAINER | CONTROL  CONTAINER
2026-06-30 14:35:30 | SUCCESS  |   ✓ [B204] 411076 — WH02, WT01 DITAMBAH
2026-06-30 14:35:30 | INFO     | [  81/125]  411076  →  Plant: B205
2026-06-30 14:35:30 | DEBUG    |   Isi Material: 411076
2026-06-30 14:35:32 | DEBUG    |   Isi Plant: B205
2026-06-30 14:35:35 | DEBUG    |   [DEBUG] Mundur ke-1: 'WH01'
2026-06-30 14:35:35 | DEBUG    |   [DEBUG] Mundur ke-2: ''
2026-06-30 14:35:36 | DEBUG    |   [DEBUG] SLoc yang terbaca: ['WH01']
2026-06-30 14:35:36 | INFO     |   Isi SLoc yang belum ada: WH02, WT01
2026-06-30 14:35:36 | DEBUG    |   SLoc baru: WH02
2026-06-30 14:35:37 | DEBUG    |   SLoc baru: WT01
2026-06-30 14:35:38 | DEBUG    |   [DEBUG] Jumlah elemen terbaca: 22
2026-06-30 14:35:38 | DEBUG    |   [DEBUG] Status text: [WINDOWCONTROL:NAME]ENTER STORAGE LOCATIONS COLLECTIVELY: LIST | [BUTTONCONTROL:NAME]OPEN | [BUTTONCONTROL:NAME]DELETE | [LEGACY:DESC]DELETE   (SHIFT+F2) | [LEGACY:VALUE]ENTER STORAGE LOCATIONS COLLECTIVELY: LIST | [LEGACY:DESC]DISPLAYS THE NAME OF THE WINDOW AND CONTAINS CONTROLS TO MANIPULATE IT | [MENUBARCONTROL:NAME]SYSTEM | [LEGACY:DESC]CONTAINS COMMANDS TO MANIPULATE THE WINDOW | [MENUITEMCONTROL:NAME]SYSTEM | [BUTTONCONTROL:NAME]MINIMIZE | [LEGACY:DESC]MOVES THE WINDOW OUT OF THE WAY | [BUTTONCONTROL:NAME]MAXIMIZE | [LEGACY:DESC]MAKES THE WINDOW FULL SCREEN | [BUTTONCONTROL:NAME]CLOSE | [LEGACY:DESC]CLOSES THE WINDOW | CUSTOM  CONTAINER | CONTROL  CONTAINER | CUSTOM  CONTAINER | CONTROL  CONTAINER | SAP'S ADVANCED TREELIST | CUSTOM  CONTAINER | CONTROL  CONTAINER
2026-06-30 14:35:40 | SUCCESS  |   ✓ [B205] 411076 — WH02, WT01 DITAMBAH
2026-06-30 14:35:40 | INFO     | [  82/125]  411076  →  Plant: B351
2026-06-30 14:35:40 | DEBUG    |   Isi Material: 411076
2026-06-30 14:35:42 | DEBUG    |   Isi Plant: B351
2026-06-30 14:35:45 | DEBUG    |   [DEBUG] Mundur ke-1: 'WH01'
2026-06-30 14:35:46 | DEBUG    |   [DEBUG] Mundur ke-2: ''
2026-06-30 14:35:46 | DEBUG    |   [DEBUG] SLoc yang terbaca: ['WH01']
2026-06-30 14:35:46 | INFO     |   Isi SLoc yang belum ada: WH02, WT01
2026-06-30 14:35:47 | DEBUG    |   SLoc baru: WH02
2026-06-30 14:35:47 | DEBUG    |   SLoc baru: WT01
2026-06-30 14:35:48 | DEBUG    |   [DEBUG] Jumlah elemen terbaca: 22
2026-06-30 14:35:48 | DEBUG    |   [DEBUG] Status text: [WINDOWCONTROL:NAME]ENTER STORAGE LOCATIONS COLLECTIVELY: LIST | [BUTTONCONTROL:NAME]OPEN | [BUTTONCONTROL:NAME]DELETE | [LEGACY:DESC]DELETE   (SHIFT+F2) | [LEGACY:VALUE]ENTER STORAGE LOCATIONS COLLECTIVELY: LIST | [LEGACY:DESC]DISPLAYS THE NAME OF THE WINDOW AND CONTAINS CONTROLS TO MANIPULATE IT | [MENUBARCONTROL:NAME]SYSTEM | [LEGACY:DESC]CONTAINS COMMANDS TO MANIPULATE THE WINDOW | [MENUITEMCONTROL:NAME]SYSTEM | [BUTTONCONTROL:NAME]MINIMIZE | [LEGACY:DESC]MOVES THE WINDOW OUT OF THE WAY | [BUTTONCONTROL:NAME]MAXIMIZE | [LEGACY:DESC]MAKES THE WINDOW FULL SCREEN | [BUTTONCONTROL:NAME]CLOSE | [LEGACY:DESC]CLOSES THE WINDOW | CUSTOM  CONTAINER | CONTROL  CONTAINER | CUSTOM  CONTAINER | CONTROL  CONTAINER | SAP'S ADVANCED TREELIST | CUSTOM  CONTAINER | CONTROL  CONTAINER
2026-06-30 14:35:50 | SUCCESS  |   ✓ [B351] 411076 — WH02, WT01 DITAMBAH
2026-06-30 14:35:50 | INFO     | [  83/125]  411076  →  Plant: B352
2026-06-30 14:35:50 | DEBUG    |   Isi Material: 411076
2026-06-30 14:35:52 | DEBUG    |   Isi Plant: B352
2026-06-30 14:35:56 | DEBUG    |   [DEBUG] Mundur ke-1: 'WH01'
2026-06-30 14:35:56 | DEBUG    |   [DEBUG] Mundur ke-2: ''
2026-06-30 14:35:56 | DEBUG    |   [DEBUG] SLoc yang terbaca: ['WH01']
2026-06-30 14:35:56 | INFO     |   Isi SLoc yang belum ada: WH02, WT01
2026-06-30 14:35:57 | DEBUG    |   SLoc baru: WH02
2026-06-30 14:35:58 | DEBUG    |   SLoc baru: WT01
2026-06-30 14:35:59 | DEBUG    |   [DEBUG] Jumlah elemen terbaca: 22
2026-06-30 14:35:59 | DEBUG    |   [DEBUG] Status text: [WINDOWCONTROL:NAME]ENTER STORAGE LOCATIONS COLLECTIVELY: LIST | [BUTTONCONTROL:NAME]OPEN | [BUTTONCONTROL:NAME]DELETE | [LEGACY:DESC]DELETE   (SHIFT+F2) | [LEGACY:VALUE]ENTER STORAGE LOCATIONS COLLECTIVELY: LIST | [LEGACY:DESC]DISPLAYS THE NAME OF THE WINDOW AND CONTAINS CONTROLS TO MANIPULATE IT | [MENUBARCONTROL:NAME]SYSTEM | [LEGACY:DESC]CONTAINS COMMANDS TO MANIPULATE THE WINDOW | [MENUITEMCONTROL:NAME]SYSTEM | [BUTTONCONTROL:NAME]MINIMIZE | [LEGACY:DESC]MOVES THE WINDOW OUT OF THE WAY | [BUTTONCONTROL:NAME]MAXIMIZE | [LEGACY:DESC]MAKES THE WINDOW FULL SCREEN | [BUTTONCONTROL:NAME]CLOSE | [LEGACY:DESC]CLOSES THE WINDOW | CUSTOM  CONTAINER | CONTROL  CONTAINER | CUSTOM  CONTAINER | CONTROL  CONTAINER | SAP'S ADVANCED TREELIST | CUSTOM  CONTAINER | CONTROL  CONTAINER
2026-06-30 14:36:01 | SUCCESS  |   ✓ [B352] 411076 — WH02, WT01 DITAMBAH
2026-06-30 14:36:01 | INFO     | [  84/125]  411076  →  Plant: B353
2026-06-30 14:36:01 | DEBUG    |   Isi Material: 411076
2026-06-30 14:36:02 | DEBUG    |   Isi Plant: B353
2026-06-30 14:36:06 | DEBUG    |   [DEBUG] Mundur ke-1: 'WH01'
2026-06-30 14:36:06 | DEBUG    |   [DEBUG] Mundur ke-2: ''
2026-06-30 14:36:07 | DEBUG    |   [DEBUG] SLoc yang terbaca: ['WH01']
2026-06-30 14:36:07 | INFO     |   Isi SLoc yang belum ada: WH02, WT01
2026-06-30 14:36:07 | DEBUG    |   SLoc baru: WH02
2026-06-30 14:36:08 | DEBUG    |   SLoc baru: WT01
2026-06-30 14:36:09 | DEBUG    |   [DEBUG] Jumlah elemen terbaca: 22
2026-06-30 14:36:09 | DEBUG    |   [DEBUG] Status text: [WINDOWCONTROL:NAME]ENTER STORAGE LOCATIONS COLLECTIVELY: LIST | [BUTTONCONTROL:NAME]OPEN | [BUTTONCONTROL:NAME]DELETE | [LEGACY:DESC]DELETE   (SHIFT+F2) | [LEGACY:VALUE]ENTER STORAGE LOCATIONS COLLECTIVELY: LIST | [LEGACY:DESC]DISPLAYS THE NAME OF THE WINDOW AND CONTAINS CONTROLS TO MANIPULATE IT | [MENUBARCONTROL:NAME]SYSTEM | [LEGACY:DESC]CONTAINS COMMANDS TO MANIPULATE THE WINDOW | [MENUITEMCONTROL:NAME]SYSTEM | [BUTTONCONTROL:NAME]MINIMIZE | [LEGACY:DESC]MOVES THE WINDOW OUT OF THE WAY | [BUTTONCONTROL:NAME]MAXIMIZE | [LEGACY:DESC]MAKES THE WINDOW FULL SCREEN | [BUTTONCONTROL:NAME]CLOSE | [LEGACY:DESC]CLOSES THE WINDOW | CUSTOM  CONTAINER | CONTROL  CONTAINER | CUSTOM  CONTAINER | CONTROL  CONTAINER | SAP'S ADVANCED TREELIST | CUSTOM  CONTAINER | CONTROL  CONTAINER
2026-06-30 14:36:11 | SUCCESS  |   ✓ [B353] 411076 — WH02, WT01 DITAMBAH
2026-06-30 14:36:11 | INFO     | [  85/125]  411076  →  Plant: B354
2026-06-30 14:36:11 | DEBUG    |   Isi Material: 411076
2026-06-30 14:36:13 | DEBUG    |   Isi Plant: B354
2026-06-30 14:36:16 | DEBUG    |   [DEBUG] Mundur ke-1: 'WH01'
2026-06-30 14:36:17 | DEBUG    |   [DEBUG] Mundur ke-2: ''
2026-06-30 14:36:17 | DEBUG    |   [DEBUG] SLoc yang terbaca: ['WH01']
2026-06-30 14:36:17 | INFO     |   Isi SLoc yang belum ada: WH02, WT01
2026-06-30 14:36:18 | DEBUG    |   SLoc baru: WH02
2026-06-30 14:36:19 | DEBUG    |   SLoc baru: WT01
2026-06-30 14:36:19 | DEBUG    |   [DEBUG] Jumlah elemen terbaca: 22
2026-06-30 14:36:19 | DEBUG    |   [DEBUG] Status text: [WINDOWCONTROL:NAME]ENTER STORAGE LOCATIONS COLLECTIVELY: LIST | [BUTTONCONTROL:NAME]OPEN | [BUTTONCONTROL:NAME]DELETE | [LEGACY:DESC]DELETE   (SHIFT+F2) | [LEGACY:VALUE]ENTER STORAGE LOCATIONS COLLECTIVELY: LIST | [LEGACY:DESC]DISPLAYS THE NAME OF THE WINDOW AND CONTAINS CONTROLS TO MANIPULATE IT | [MENUBARCONTROL:NAME]SYSTEM | [LEGACY:DESC]CONTAINS COMMANDS TO MANIPULATE THE WINDOW | [MENUITEMCONTROL:NAME]SYSTEM | [BUTTONCONTROL:NAME]MINIMIZE | [LEGACY:DESC]MOVES THE WINDOW OUT OF THE WAY | [BUTTONCONTROL:NAME]MAXIMIZE | [LEGACY:DESC]MAKES THE WINDOW FULL SCREEN | [BUTTONCONTROL:NAME]CLOSE | [LEGACY:DESC]CLOSES THE WINDOW | CUSTOM  CONTAINER | CONTROL  CONTAINER | CUSTOM  CONTAINER | CONTROL  CONTAINER | SAP'S ADVANCED TREELIST | CUSTOM  CONTAINER | CONTROL  CONTAINER
2026-06-30 14:36:21 | SUCCESS  |   ✓ [B354] 411076 — WH02, WT01 DITAMBAH
2026-06-30 14:36:21 | INFO     | [  86/125]  411076  →  Plant: B356
2026-06-30 14:36:21 | DEBUG    |   Isi Material: 411076
2026-06-30 14:36:23 | DEBUG    |   Isi Plant: B356
2026-06-30 14:36:27 | DEBUG    |   [DEBUG] Mundur ke-1: 'WH01'
2026-06-30 14:36:27 | DEBUG    |   [DEBUG] Mundur ke-2: ''
2026-06-30 14:36:27 | DEBUG    |   [DEBUG] SLoc yang terbaca: ['WH01']
2026-06-30 14:36:27 | INFO     |   Isi SLoc yang belum ada: WH02, WT01
2026-06-30 14:36:28 | DEBUG    |   SLoc baru: WH02
2026-06-30 14:36:29 | DEBUG    |   SLoc baru: WT01
2026-06-30 14:36:30 | DEBUG    |   [DEBUG] Jumlah elemen terbaca: 22
2026-06-30 14:36:30 | DEBUG    |   [DEBUG] Status text: [WINDOWCONTROL:NAME]ENTER STORAGE LOCATIONS COLLECTIVELY: LIST | [BUTTONCONTROL:NAME]OPEN | [BUTTONCONTROL:NAME]DELETE | [LEGACY:DESC]DELETE   (SHIFT+F2) | [LEGACY:VALUE]ENTER STORAGE LOCATIONS COLLECTIVELY: LIST | [LEGACY:DESC]DISPLAYS THE NAME OF THE WINDOW AND CONTAINS CONTROLS TO MANIPULATE IT | [MENUBARCONTROL:NAME]SYSTEM | [LEGACY:DESC]CONTAINS COMMANDS TO MANIPULATE THE WINDOW | [MENUITEMCONTROL:NAME]SYSTEM | [BUTTONCONTROL:NAME]MINIMIZE | [LEGACY:DESC]MOVES THE WINDOW OUT OF THE WAY | [BUTTONCONTROL:NAME]MAXIMIZE | [LEGACY:DESC]MAKES THE WINDOW FULL SCREEN | [BUTTONCONTROL:NAME]CLOSE | [LEGACY:DESC]CLOSES THE WINDOW | CUSTOM  CONTAINER | CONTROL  CONTAINER | CUSTOM  CONTAINER | CONTROL  CONTAINER | SAP'S ADVANCED TREELIST | CUSTOM  CONTAINER | CONTROL  CONTAINER
2026-06-30 14:36:32 | SUCCESS  |   ✓ [B356] 411076 — WH02, WT01 DITAMBAH
2026-06-30 14:36:32 | INFO     | [  87/125]  411076  →  Plant: B357
2026-06-30 14:36:32 | DEBUG    |   Isi Material: 411076
2026-06-30 14:36:34 | DEBUG    |   Isi Plant: B357
2026-06-30 14:36:37 | DEBUG    |   [DEBUG] Mundur ke-1: 'WH01'
2026-06-30 14:36:38 | DEBUG    |   [DEBUG] Mundur ke-2: ''
2026-06-30 14:36:38 | DEBUG    |   [DEBUG] SLoc yang terbaca: ['WH01']
2026-06-30 14:36:38 | INFO     |   Isi SLoc yang belum ada: WH02, WT01
2026-06-30 14:36:38 | DEBUG    |   SLoc baru: WH02
2026-06-30 14:36:39 | DEBUG    |   SLoc baru: WT01
2026-06-30 14:36:40 | DEBUG    |   [DEBUG] Jumlah elemen terbaca: 22
2026-06-30 14:36:40 | DEBUG    |   [DEBUG] Status text: [WINDOWCONTROL:NAME]ENTER STORAGE LOCATIONS COLLECTIVELY: LIST | [BUTTONCONTROL:NAME]OPEN | [BUTTONCONTROL:NAME]DELETE | [LEGACY:DESC]DELETE   (SHIFT+F2) | [LEGACY:VALUE]ENTER STORAGE LOCATIONS COLLECTIVELY: LIST | [LEGACY:DESC]DISPLAYS THE NAME OF THE WINDOW AND CONTAINS CONTROLS TO MANIPULATE IT | [MENUBARCONTROL:NAME]SYSTEM | [LEGACY:DESC]CONTAINS COMMANDS TO MANIPULATE THE WINDOW | [MENUITEMCONTROL:NAME]SYSTEM | [BUTTONCONTROL:NAME]MINIMIZE | [LEGACY:DESC]MOVES THE WINDOW OUT OF THE WAY | [BUTTONCONTROL:NAME]MAXIMIZE | [LEGACY:DESC]MAKES THE WINDOW FULL SCREEN | [BUTTONCONTROL:NAME]CLOSE | [LEGACY:DESC]CLOSES THE WINDOW | CUSTOM  CONTAINER | CONTROL  CONTAINER | CUSTOM  CONTAINER | CONTROL  CONTAINER | SAP'S ADVANCED TREELIST | CUSTOM  CONTAINER | CONTROL  CONTAINER
2026-06-30 14:36:42 | SUCCESS  |   ✓ [B357] 411076 — WH02, WT01 DITAMBAH
2026-06-30 14:36:42 | INFO     | [  88/125]  411076  →  Plant: B358
2026-06-30 14:36:42 | DEBUG    |   Isi Material: 411076
2026-06-30 14:36:44 | DEBUG    |   Isi Plant: B358
2026-06-30 14:36:47 | DEBUG    |   [DEBUG] Mundur ke-1: 'WH01'
2026-06-30 14:36:48 | DEBUG    |   [DEBUG] Mundur ke-2: ''
2026-06-30 14:36:48 | DEBUG    |   [DEBUG] SLoc yang terbaca: ['WH01']
2026-06-30 14:36:48 | INFO     |   Isi SLoc yang belum ada: WH02, WT01
2026-06-30 14:36:49 | DEBUG    |   SLoc baru: WH02
2026-06-30 14:36:50 | DEBUG    |   SLoc baru: WT01
2026-06-30 14:36:51 | DEBUG    |   [DEBUG] Jumlah elemen terbaca: 22
2026-06-30 14:36:51 | DEBUG    |   [DEBUG] Status text: [WINDOWCONTROL:NAME]ENTER STORAGE LOCATIONS COLLECTIVELY: LIST | [BUTTONCONTROL:NAME]OPEN | [BUTTONCONTROL:NAME]DELETE | [LEGACY:DESC]DELETE   (SHIFT+F2) | [LEGACY:VALUE]ENTER STORAGE LOCATIONS COLLECTIVELY: LIST | [LEGACY:DESC]DISPLAYS THE NAME OF THE WINDOW AND CONTAINS CONTROLS TO MANIPULATE IT | [MENUBARCONTROL:NAME]SYSTEM | [LEGACY:DESC]CONTAINS COMMANDS TO MANIPULATE THE WINDOW | [MENUITEMCONTROL:NAME]SYSTEM | [BUTTONCONTROL:NAME]MINIMIZE | [LEGACY:DESC]MOVES THE WINDOW OUT OF THE WAY | [BUTTONCONTROL:NAME]MAXIMIZE | [LEGACY:DESC]MAKES THE WINDOW FULL SCREEN | [BUTTONCONTROL:NAME]CLOSE | [LEGACY:DESC]CLOSES THE WINDOW | CUSTOM  CONTAINER | CONTROL  CONTAINER | CUSTOM  CONTAINER | CONTROL  CONTAINER | SAP'S ADVANCED TREELIST | CUSTOM  CONTAINER | CONTROL  CONTAINER
2026-06-30 14:36:53 | SUCCESS  |   ✓ [B358] 411076 — WH02, WT01 DITAMBAH
2026-06-30 14:36:53 | INFO     | [  89/125]  411076  →  Plant: B360
2026-06-30 14:36:53 | DEBUG    |   Isi Material: 411076
2026-06-30 14:36:54 | DEBUG    |   Isi Plant: B360
2026-06-30 14:36:58 | DEBUG    |   [DEBUG] Mundur ke-1: 'WH01'
2026-06-30 14:36:58 | DEBUG    |   [DEBUG] Mundur ke-2: ''
2026-06-30 14:36:59 | DEBUG    |   [DEBUG] SLoc yang terbaca: ['WH01']
2026-06-30 14:36:59 | INFO     |   Isi SLoc yang belum ada: WH02, WT01
2026-06-30 14:36:59 | DEBUG    |   SLoc baru: WH02
2026-06-30 14:37:00 | DEBUG    |   SLoc baru: WT01
2026-06-30 14:37:01 | DEBUG    |   [DEBUG] Jumlah elemen terbaca: 22
2026-06-30 14:37:01 | DEBUG    |   [DEBUG] Status text: [WINDOWCONTROL:NAME]ENTER STORAGE LOCATIONS COLLECTIVELY: LIST | [BUTTONCONTROL:NAME]OPEN | [BUTTONCONTROL:NAME]DELETE | [LEGACY:DESC]DELETE   (SHIFT+F2) | [LEGACY:VALUE]ENTER STORAGE LOCATIONS COLLECTIVELY: LIST | [LEGACY:DESC]DISPLAYS THE NAME OF THE WINDOW AND CONTAINS CONTROLS TO MANIPULATE IT | [MENUBARCONTROL:NAME]SYSTEM | [LEGACY:DESC]CONTAINS COMMANDS TO MANIPULATE THE WINDOW | [MENUITEMCONTROL:NAME]SYSTEM | [BUTTONCONTROL:NAME]MINIMIZE | [LEGACY:DESC]MOVES THE WINDOW OUT OF THE WAY | [BUTTONCONTROL:NAME]MAXIMIZE | [LEGACY:DESC]MAKES THE WINDOW FULL SCREEN | [BUTTONCONTROL:NAME]CLOSE | [LEGACY:DESC]CLOSES THE WINDOW | CUSTOM  CONTAINER | CONTROL  CONTAINER | CUSTOM  CONTAINER | CONTROL  CONTAINER | SAP'S ADVANCED TREELIST | CUSTOM  CONTAINER | CONTROL  CONTAINER
2026-06-30 14:37:03 | SUCCESS  |   ✓ [B360] 411076 — WH02, WT01 DITAMBAH
2026-06-30 14:37:03 | INFO     | [  90/125]  411076  →  Plant: B361
2026-06-30 14:37:03 | DEBUG    |   Isi Material: 411076
2026-06-30 14:37:05 | DEBUG    |   Isi Plant: B361
2026-06-30 14:37:08 | DEBUG    |   [DEBUG] Mundur ke-1: 'WH01'
2026-06-30 14:37:09 | DEBUG    |   [DEBUG] Mundur ke-2: ''
2026-06-30 14:37:09 | DEBUG    |   [DEBUG] SLoc yang terbaca: ['WH01']
2026-06-30 14:37:09 | INFO     |   Isi SLoc yang belum ada: WH02, WT01
2026-06-30 14:37:10 | DEBUG    |   SLoc baru: WH02
2026-06-30 14:37:11 | DEBUG    |   SLoc baru: WT01
2026-06-30 14:37:12 | DEBUG    |   [DEBUG] Jumlah elemen terbaca: 22
2026-06-30 14:37:12 | DEBUG    |   [DEBUG] Status text: [WINDOWCONTROL:NAME]ENTER STORAGE LOCATIONS COLLECTIVELY: LIST | [BUTTONCONTROL:NAME]OPEN | [BUTTONCONTROL:NAME]DELETE | [LEGACY:DESC]DELETE   (SHIFT+F2) | [LEGACY:VALUE]ENTER STORAGE LOCATIONS COLLECTIVELY: LIST | [LEGACY:DESC]DISPLAYS THE NAME OF THE WINDOW AND CONTAINS CONTROLS TO MANIPULATE IT | [MENUBARCONTROL:NAME]SYSTEM | [LEGACY:DESC]CONTAINS COMMANDS TO MANIPULATE THE WINDOW | [MENUITEMCONTROL:NAME]SYSTEM | [BUTTONCONTROL:NAME]MINIMIZE | [LEGACY:DESC]MOVES THE WINDOW OUT OF THE WAY | [BUTTONCONTROL:NAME]MAXIMIZE | [LEGACY:DESC]MAKES THE WINDOW FULL SCREEN | [BUTTONCONTROL:NAME]CLOSE | [LEGACY:DESC]CLOSES THE WINDOW | CUSTOM  CONTAINER | CONTROL  CONTAINER | CUSTOM  CONTAINER | CONTROL  CONTAINER | SAP'S ADVANCED TREELIST | CUSTOM  CONTAINER | CONTROL  CONTAINER
2026-06-30 14:37:14 | SUCCESS  |   ✓ [B361] 411076 — WH02, WT01 DITAMBAH
2026-06-30 14:37:14 | INFO     | [  91/125]  411076  →  Plant: B362
2026-06-30 14:37:14 | DEBUG    |   Isi Material: 411076
2026-06-30 14:37:15 | DEBUG    |   Isi Plant: B362
2026-06-30 14:37:19 | DEBUG    |   [DEBUG] Mundur ke-1: 'WH01'
2026-06-30 14:37:19 | DEBUG    |   [DEBUG] Mundur ke-2: ''
2026-06-30 14:37:20 | DEBUG    |   [DEBUG] SLoc yang terbaca: ['WH01']
2026-06-30 14:37:20 | INFO     |   Isi SLoc yang belum ada: WH02, WT01
2026-06-30 14:37:20 | DEBUG    |   SLoc baru: WH02
2026-06-30 14:37:21 | DEBUG    |   SLoc baru: WT01
2026-06-30 14:37:22 | DEBUG    |   [DEBUG] Jumlah elemen terbaca: 22
2026-06-30 14:37:22 | DEBUG    |   [DEBUG] Status text: [WINDOWCONTROL:NAME]ENTER STORAGE LOCATIONS COLLECTIVELY: LIST | [BUTTONCONTROL:NAME]OPEN | [BUTTONCONTROL:NAME]DELETE | [LEGACY:DESC]DELETE   (SHIFT+F2) | [LEGACY:VALUE]ENTER STORAGE LOCATIONS COLLECTIVELY: LIST | [LEGACY:DESC]DISPLAYS THE NAME OF THE WINDOW AND CONTAINS CONTROLS TO MANIPULATE IT | [MENUBARCONTROL:NAME]SYSTEM | [LEGACY:DESC]CONTAINS COMMANDS TO MANIPULATE THE WINDOW | [MENUITEMCONTROL:NAME]SYSTEM | [BUTTONCONTROL:NAME]MINIMIZE | [LEGACY:DESC]MOVES THE WINDOW OUT OF THE WAY | [BUTTONCONTROL:NAME]MAXIMIZE | [LEGACY:DESC]MAKES THE WINDOW FULL SCREEN | [BUTTONCONTROL:NAME]CLOSE | [LEGACY:DESC]CLOSES THE WINDOW | CUSTOM  CONTAINER | CONTROL  CONTAINER | CUSTOM  CONTAINER | CONTROL  CONTAINER | SAP'S ADVANCED TREELIST | CUSTOM  CONTAINER | CONTROL  CONTAINER
2026-06-30 14:37:24 | SUCCESS  |   ✓ [B362] 411076 — WH02, WT01 DITAMBAH
2026-06-30 14:37:24 | INFO     | [  92/125]  411076  →  Plant: B363
2026-06-30 14:37:24 | DEBUG    |   Isi Material: 411076
2026-06-30 14:37:26 | DEBUG    |   Isi Plant: B363
2026-06-30 14:37:29 | DEBUG    |   [DEBUG] Mundur ke-1: 'WH01'
2026-06-30 14:37:30 | DEBUG    |   [DEBUG] Mundur ke-2: ''
2026-06-30 14:37:30 | DEBUG    |   [DEBUG] SLoc yang terbaca: ['WH01']
2026-06-30 14:37:30 | INFO     |   Isi SLoc yang belum ada: WH02, WT01
2026-06-30 14:37:30 | DEBUG    |   SLoc baru: WH02
2026-06-30 14:37:31 | DEBUG    |   SLoc baru: WT01
2026-06-30 14:37:32 | DEBUG    |   [DEBUG] Jumlah elemen terbaca: 22
2026-06-30 14:37:32 | DEBUG    |   [DEBUG] Status text: [WINDOWCONTROL:NAME]ENTER STORAGE LOCATIONS COLLECTIVELY: LIST | [BUTTONCONTROL:NAME]OPEN | [BUTTONCONTROL:NAME]DELETE | [LEGACY:DESC]DELETE   (SHIFT+F2) | [LEGACY:VALUE]ENTER STORAGE LOCATIONS COLLECTIVELY: LIST | [LEGACY:DESC]DISPLAYS THE NAME OF THE WINDOW AND CONTAINS CONTROLS TO MANIPULATE IT | [MENUBARCONTROL:NAME]SYSTEM | [LEGACY:DESC]CONTAINS COMMANDS TO MANIPULATE THE WINDOW | [MENUITEMCONTROL:NAME]SYSTEM | [BUTTONCONTROL:NAME]MINIMIZE | [LEGACY:DESC]MOVES THE WINDOW OUT OF THE WAY | [BUTTONCONTROL:NAME]MAXIMIZE | [LEGACY:DESC]MAKES THE WINDOW FULL SCREEN | [BUTTONCONTROL:NAME]CLOSE | [LEGACY:DESC]CLOSES THE WINDOW | CUSTOM  CONTAINER | CONTROL  CONTAINER | CUSTOM  CONTAINER | CONTROL  CONTAINER | SAP'S ADVANCED TREELIST | CUSTOM  CONTAINER | CONTROL  CONTAINER
2026-06-30 14:37:34 | SUCCESS  |   ✓ [B363] 411076 — WH02, WT01 DITAMBAH
2026-06-30 14:37:34 | INFO     | [  93/125]  411076  →  Plant: B364
2026-06-30 14:37:34 | DEBUG    |   Isi Material: 411076
2026-06-30 14:37:36 | DEBUG    |   Isi Plant: B364
2026-06-30 14:37:39 | DEBUG    |   [DEBUG] Mundur ke-1: 'WH01'
2026-06-30 14:37:40 | DEBUG    |   [DEBUG] Mundur ke-2: ''
2026-06-30 14:37:40 | DEBUG    |   [DEBUG] SLoc yang terbaca: ['WH01']
2026-06-30 14:37:40 | INFO     |   Isi SLoc yang belum ada: WH02, WT01
2026-06-30 14:37:41 | DEBUG    |   SLoc baru: WH02
2026-06-30 14:37:42 | DEBUG    |   SLoc baru: WT01
2026-06-30 14:37:43 | DEBUG    |   [DEBUG] Jumlah elemen terbaca: 22
2026-06-30 14:37:43 | DEBUG    |   [DEBUG] Status text: [WINDOWCONTROL:NAME]ENTER STORAGE LOCATIONS COLLECTIVELY: LIST | [BUTTONCONTROL:NAME]OPEN | [BUTTONCONTROL:NAME]DELETE | [LEGACY:DESC]DELETE   (SHIFT+F2) | [LEGACY:VALUE]ENTER STORAGE LOCATIONS COLLECTIVELY: LIST | [LEGACY:DESC]DISPLAYS THE NAME OF THE WINDOW AND CONTAINS CONTROLS TO MANIPULATE IT | [MENUBARCONTROL:NAME]SYSTEM | [LEGACY:DESC]CONTAINS COMMANDS TO MANIPULATE THE WINDOW | [MENUITEMCONTROL:NAME]SYSTEM | [BUTTONCONTROL:NAME]MINIMIZE | [LEGACY:DESC]MOVES THE WINDOW OUT OF THE WAY | [BUTTONCONTROL:NAME]MAXIMIZE | [LEGACY:DESC]MAKES THE WINDOW FULL SCREEN | [BUTTONCONTROL:NAME]CLOSE | [LEGACY:DESC]CLOSES THE WINDOW | CUSTOM  CONTAINER | CONTROL  CONTAINER | CUSTOM  CONTAINER | CONTROL  CONTAINER | SAP'S ADVANCED TREELIST | CUSTOM  CONTAINER | CONTROL  CONTAINER
2026-06-30 14:37:45 | SUCCESS  |   ✓ [B364] 411076 — WH02, WT01 DITAMBAH
2026-06-30 14:37:45 | INFO     | [  94/125]  411076  →  Plant: B365
2026-06-30 14:37:45 | DEBUG    |   Isi Material: 411076
2026-06-30 14:37:46 | DEBUG    |   Isi Plant: B365
2026-06-30 14:37:50 | DEBUG    |   [DEBUG] Mundur ke-1: 'WH01'
2026-06-30 14:37:50 | DEBUG    |   [DEBUG] Mundur ke-2: ''
2026-06-30 14:37:51 | DEBUG    |   [DEBUG] SLoc yang terbaca: ['WH01']
2026-06-30 14:37:51 | INFO     |   Isi SLoc yang belum ada: WH02, WT01
2026-06-30 14:37:51 | DEBUG    |   SLoc baru: WH02
2026-06-30 14:37:52 | DEBUG    |   SLoc baru: WT01
2026-06-30 14:37:53 | DEBUG    |   [DEBUG] Jumlah elemen terbaca: 22
2026-06-30 14:37:53 | DEBUG    |   [DEBUG] Status text: [WINDOWCONTROL:NAME]ENTER STORAGE LOCATIONS COLLECTIVELY: LIST | [BUTTONCONTROL:NAME]OPEN | [BUTTONCONTROL:NAME]DELETE | [LEGACY:DESC]DELETE   (SHIFT+F2) | [LEGACY:VALUE]ENTER STORAGE LOCATIONS COLLECTIVELY: LIST | [LEGACY:DESC]DISPLAYS THE NAME OF THE WINDOW AND CONTAINS CONTROLS TO MANIPULATE IT | [MENUBARCONTROL:NAME]SYSTEM | [LEGACY:DESC]CONTAINS COMMANDS TO MANIPULATE THE WINDOW | [MENUITEMCONTROL:NAME]SYSTEM | [BUTTONCONTROL:NAME]MINIMIZE | [LEGACY:DESC]MOVES THE WINDOW OUT OF THE WAY | [BUTTONCONTROL:NAME]MAXIMIZE | [LEGACY:DESC]MAKES THE WINDOW FULL SCREEN | [BUTTONCONTROL:NAME]CLOSE | [LEGACY:DESC]CLOSES THE WINDOW | CUSTOM  CONTAINER | CONTROL  CONTAINER | CUSTOM  CONTAINER | CONTROL  CONTAINER | SAP'S ADVANCED TREELIST | CUSTOM  CONTAINER | CONTROL  CONTAINER
2026-06-30 14:37:55 | SUCCESS  |   ✓ [B365] 411076 — WH02, WT01 DITAMBAH
2026-06-30 14:37:55 | INFO     | [  95/125]  411076  →  Plant: B366
2026-06-30 14:37:55 | DEBUG    |   Isi Material: 411076
2026-06-30 14:37:57 | DEBUG    |   Isi Plant: B366
2026-06-30 14:38:00 | DEBUG    |   [DEBUG] Mundur ke-1: 'WH01'
2026-06-30 14:38:01 | DEBUG    |   [DEBUG] Mundur ke-2: ''
2026-06-30 14:38:01 | DEBUG    |   [DEBUG] SLoc yang terbaca: ['WH01']
2026-06-30 14:38:01 | INFO     |   Isi SLoc yang belum ada: WH02, WT01
2026-06-30 14:38:01 | DEBUG    |   SLoc baru: WH02
2026-06-30 14:38:02 | DEBUG    |   SLoc baru: WT01
2026-06-30 14:38:03 | DEBUG    |   [DEBUG] Jumlah elemen terbaca: 22
2026-06-30 14:38:03 | DEBUG    |   [DEBUG] Status text: [WINDOWCONTROL:NAME]ENTER STORAGE LOCATIONS COLLECTIVELY: LIST | [BUTTONCONTROL:NAME]OPEN | [BUTTONCONTROL:NAME]DELETE | [LEGACY:DESC]DELETE   (SHIFT+F2) | [LEGACY:VALUE]ENTER STORAGE LOCATIONS COLLECTIVELY: LIST | [LEGACY:DESC]DISPLAYS THE NAME OF THE WINDOW AND CONTAINS CONTROLS TO MANIPULATE IT | [MENUBARCONTROL:NAME]SYSTEM | [LEGACY:DESC]CONTAINS COMMANDS TO MANIPULATE THE WINDOW | [MENUITEMCONTROL:NAME]SYSTEM | [BUTTONCONTROL:NAME]MINIMIZE | [LEGACY:DESC]MOVES THE WINDOW OUT OF THE WAY | [BUTTONCONTROL:NAME]MAXIMIZE | [LEGACY:DESC]MAKES THE WINDOW FULL SCREEN | [BUTTONCONTROL:NAME]CLOSE | [LEGACY:DESC]CLOSES THE WINDOW | CUSTOM  CONTAINER | CONTROL  CONTAINER | CUSTOM  CONTAINER | CONTROL  CONTAINER | SAP'S ADVANCED TREELIST | CUSTOM  CONTAINER | CONTROL  CONTAINER
2026-06-30 14:38:05 | SUCCESS  |   ✓ [B366] 411076 — WH02, WT01 DITAMBAH
2026-06-30 14:38:05 | INFO     | [  96/125]  411076  →  Plant: B367
2026-06-30 14:38:05 | DEBUG    |   Isi Material: 411076
2026-06-30 14:38:07 | DEBUG    |   Isi Plant: B367
2026-06-30 14:38:10 | WARNING  |   [SKIP] [B367] 411076 -- Error SAP (locked/not exist), lanjut plant berikutnya
2026-06-30 14:38:11 | INFO     | [  97/125]  411076  →  Plant: B368
2026-06-30 14:38:11 | DEBUG    |   Isi Material: 411076
2026-06-30 14:38:12 | DEBUG    |   Isi Plant: B368
2026-06-30 14:38:16 | DEBUG    |   [DEBUG] Mundur ke-1: 'WH01'
2026-06-30 14:38:16 | DEBUG    |   [DEBUG] Mundur ke-2: ''
2026-06-30 14:38:17 | DEBUG    |   [DEBUG] SLoc yang terbaca: ['WH01']
2026-06-30 14:38:17 | INFO     |   Isi SLoc yang belum ada: WH02, WT01
2026-06-30 14:38:17 | DEBUG    |   SLoc baru: WH02
2026-06-30 14:38:18 | DEBUG    |   SLoc baru: WT01
2026-06-30 14:38:19 | DEBUG    |   [DEBUG] Jumlah elemen terbaca: 22
2026-06-30 14:38:19 | DEBUG    |   [DEBUG] Status text: [WINDOWCONTROL:NAME]ENTER STORAGE LOCATIONS COLLECTIVELY: LIST | [BUTTONCONTROL:NAME]OPEN | [BUTTONCONTROL:NAME]DELETE | [LEGACY:DESC]DELETE   (SHIFT+F2) | [LEGACY:VALUE]ENTER STORAGE LOCATIONS COLLECTIVELY: LIST | [LEGACY:DESC]DISPLAYS THE NAME OF THE WINDOW AND CONTAINS CONTROLS TO MANIPULATE IT | [MENUBARCONTROL:NAME]SYSTEM | [LEGACY:DESC]CONTAINS COMMANDS TO MANIPULATE THE WINDOW | [MENUITEMCONTROL:NAME]SYSTEM | [BUTTONCONTROL:NAME]MINIMIZE | [LEGACY:DESC]MOVES THE WINDOW OUT OF THE WAY | [BUTTONCONTROL:NAME]MAXIMIZE | [LEGACY:DESC]MAKES THE WINDOW FULL SCREEN | [BUTTONCONTROL:NAME]CLOSE | [LEGACY:DESC]CLOSES THE WINDOW | CUSTOM  CONTAINER | CONTROL  CONTAINER | CUSTOM  CONTAINER | CONTROL  CONTAINER | SAP'S ADVANCED TREELIST | CUSTOM  CONTAINER | CONTROL  CONTAINER
2026-06-30 14:38:21 | SUCCESS  |   ✓ [B368] 411076 — WH02, WT01 DITAMBAH
2026-06-30 14:38:21 | INFO     | [  98/125]  411076  →  Plant: B369
2026-06-30 14:38:21 | DEBUG    |   Isi Material: 411076
2026-06-30 14:38:23 | DEBUG    |   Isi Plant: B369
2026-06-30 14:38:26 | DEBUG    |   [DEBUG] Mundur ke-1: 'WH01'
2026-06-30 14:38:27 | DEBUG    |   [DEBUG] Mundur ke-2: ''
2026-06-30 14:38:27 | DEBUG    |   [DEBUG] SLoc yang terbaca: ['WH01']
2026-06-30 14:38:27 | INFO     |   Isi SLoc yang belum ada: WH02, WT01
2026-06-30 14:38:27 | DEBUG    |   SLoc baru: WH02
2026-06-30 14:38:28 | DEBUG    |   SLoc baru: WT01
2026-06-30 14:38:29 | DEBUG    |   [DEBUG] Jumlah elemen terbaca: 22
2026-06-30 14:38:29 | DEBUG    |   [DEBUG] Status text: [WINDOWCONTROL:NAME]ENTER STORAGE LOCATIONS COLLECTIVELY: LIST | [BUTTONCONTROL:NAME]OPEN | [BUTTONCONTROL:NAME]DELETE | [LEGACY:DESC]DELETE   (SHIFT+F2) | [LEGACY:VALUE]ENTER STORAGE LOCATIONS COLLECTIVELY: LIST | [LEGACY:DESC]DISPLAYS THE NAME OF THE WINDOW AND CONTAINS CONTROLS TO MANIPULATE IT | [MENUBARCONTROL:NAME]SYSTEM | [LEGACY:DESC]CONTAINS COMMANDS TO MANIPULATE THE WINDOW | [MENUITEMCONTROL:NAME]SYSTEM | [BUTTONCONTROL:NAME]MINIMIZE | [LEGACY:DESC]MOVES THE WINDOW OUT OF THE WAY | [BUTTONCONTROL:NAME]MAXIMIZE | [LEGACY:DESC]MAKES THE WINDOW FULL SCREEN | [BUTTONCONTROL:NAME]CLOSE | [LEGACY:DESC]CLOSES THE WINDOW | CUSTOM  CONTAINER | CONTROL  CONTAINER | CUSTOM  CONTAINER | CONTROL  CONTAINER | SAP'S ADVANCED TREELIST | CUSTOM  CONTAINER | CONTROL  CONTAINER
2026-06-30 14:38:31 | SUCCESS  |   ✓ [B369] 411076 — WH02, WT01 DITAMBAH
2026-06-30 14:38:31 | INFO     | [  99/125]  411076  →  Plant: B373
2026-06-30 14:38:31 | DEBUG    |   Isi Material: 411076
2026-06-30 14:38:33 | DEBUG    |   Isi Plant: B373
2026-06-30 14:38:36 | DEBUG    |   [DEBUG] Mundur ke-1: 'WH01'
2026-06-30 14:38:37 | DEBUG    |   [DEBUG] Mundur ke-2: ''
2026-06-30 14:38:37 | DEBUG    |   [DEBUG] SLoc yang terbaca: ['WH01']
2026-06-30 14:38:37 | INFO     |   Isi SLoc yang belum ada: WH02, WT01
2026-06-30 14:38:38 | DEBUG    |   SLoc baru: WH02
2026-06-30 14:38:39 | DEBUG    |   SLoc baru: WT01
2026-06-30 14:38:40 | DEBUG    |   [DEBUG] Jumlah elemen terbaca: 22
2026-06-30 14:38:40 | DEBUG    |   [DEBUG] Status text: [WINDOWCONTROL:NAME]ENTER STORAGE LOCATIONS COLLECTIVELY: LIST | [BUTTONCONTROL:NAME]OPEN | [BUTTONCONTROL:NAME]DELETE | [LEGACY:DESC]DELETE   (SHIFT+F2) | [LEGACY:VALUE]ENTER STORAGE LOCATIONS COLLECTIVELY: LIST | [LEGACY:DESC]DISPLAYS THE NAME OF THE WINDOW AND CONTAINS CONTROLS TO MANIPULATE IT | [MENUBARCONTROL:NAME]SYSTEM | [LEGACY:DESC]CONTAINS COMMANDS TO MANIPULATE THE WINDOW | [MENUITEMCONTROL:NAME]SYSTEM | [BUTTONCONTROL:NAME]MINIMIZE | [LEGACY:DESC]MOVES THE WINDOW OUT OF THE WAY | [BUTTONCONTROL:NAME]MAXIMIZE | [LEGACY:DESC]MAKES THE WINDOW FULL SCREEN | [BUTTONCONTROL:NAME]CLOSE | [LEGACY:DESC]CLOSES THE WINDOW | CUSTOM  CONTAINER | CONTROL  CONTAINER | CUSTOM  CONTAINER | CONTROL  CONTAINER | SAP'S ADVANCED TREELIST | CUSTOM  CONTAINER | CONTROL  CONTAINER
2026-06-30 14:38:42 | SUCCESS  |   ✓ [B373] 411076 — WH02, WT01 DITAMBAH
2026-06-30 14:38:42 | INFO     | [ 100/125]  411076  →  Plant: B394
2026-06-30 14:38:42 | DEBUG    |   Isi Material: 411076
2026-06-30 14:38:43 | DEBUG    |   Isi Plant: B394
2026-06-30 14:38:47 | DEBUG    |   [DEBUG] Mundur ke-1: 'WH01'
2026-06-30 14:38:47 | DEBUG    |   [DEBUG] Mundur ke-2: ''
2026-06-30 14:38:48 | DEBUG    |   [DEBUG] SLoc yang terbaca: ['WH01']
2026-06-30 14:38:48 | INFO     |   Isi SLoc yang belum ada: WH02, WT01
2026-06-30 14:38:48 | DEBUG    |   SLoc baru: WH02
2026-06-30 14:38:49 | DEBUG    |   SLoc baru: WT01
2026-06-30 14:38:50 | DEBUG    |   [DEBUG] Jumlah elemen terbaca: 22
2026-06-30 14:38:50 | DEBUG    |   [DEBUG] Status text: [WINDOWCONTROL:NAME]ENTER STORAGE LOCATIONS COLLECTIVELY: LIST | [BUTTONCONTROL:NAME]OPEN | [BUTTONCONTROL:NAME]DELETE | [LEGACY:DESC]DELETE   (SHIFT+F2) | [LEGACY:VALUE]ENTER STORAGE LOCATIONS COLLECTIVELY: LIST | [LEGACY:DESC]DISPLAYS THE NAME OF THE WINDOW AND CONTAINS CONTROLS TO MANIPULATE IT | [MENUBARCONTROL:NAME]SYSTEM | [LEGACY:DESC]CONTAINS COMMANDS TO MANIPULATE THE WINDOW | [MENUITEMCONTROL:NAME]SYSTEM | [BUTTONCONTROL:NAME]MINIMIZE | [LEGACY:DESC]MOVES THE WINDOW OUT OF THE WAY | [BUTTONCONTROL:NAME]MAXIMIZE | [LEGACY:DESC]MAKES THE WINDOW FULL SCREEN | [BUTTONCONTROL:NAME]CLOSE | [LEGACY:DESC]CLOSES THE WINDOW | CUSTOM  CONTAINER | CONTROL  CONTAINER | CUSTOM  CONTAINER | CONTROL  CONTAINER | SAP'S ADVANCED TREELIST | CUSTOM  CONTAINER | CONTROL  CONTAINER
2026-06-30 14:38:52 | SUCCESS  |   ✓ [B394] 411076 — WH02, WT01 DITAMBAH
2026-06-30 14:38:52 | INFO     | [ 101/125]  411077  →  Plant: B200
2026-06-30 14:38:52 | DEBUG    |   Isi Material: 411077
2026-06-30 14:38:54 | DEBUG    |   Isi Plant: B200
2026-06-30 14:38:57 | DEBUG    |   [DEBUG] Mundur ke-1: 'WH01'
2026-06-30 14:38:58 | DEBUG    |   [DEBUG] Mundur ke-2: ''
2026-06-30 14:38:58 | DEBUG    |   [DEBUG] SLoc yang terbaca: ['WH01']
2026-06-30 14:38:58 | INFO     |   Isi SLoc yang belum ada: WH02, WT01
2026-06-30 14:38:58 | DEBUG    |   SLoc baru: WH02
2026-06-30 14:38:59 | DEBUG    |   SLoc baru: WT01
2026-06-30 14:39:00 | DEBUG    |   [DEBUG] Jumlah elemen terbaca: 22
2026-06-30 14:39:00 | DEBUG    |   [DEBUG] Status text: [WINDOWCONTROL:NAME]ENTER STORAGE LOCATIONS COLLECTIVELY: LIST | [BUTTONCONTROL:NAME]OPEN | [BUTTONCONTROL:NAME]DELETE | [LEGACY:DESC]DELETE   (SHIFT+F2) | [LEGACY:VALUE]ENTER STORAGE LOCATIONS COLLECTIVELY: LIST | [LEGACY:DESC]DISPLAYS THE NAME OF THE WINDOW AND CONTAINS CONTROLS TO MANIPULATE IT | [MENUBARCONTROL:NAME]SYSTEM | [LEGACY:DESC]CONTAINS COMMANDS TO MANIPULATE THE WINDOW | [MENUITEMCONTROL:NAME]SYSTEM | [BUTTONCONTROL:NAME]MINIMIZE | [LEGACY:DESC]MOVES THE WINDOW OUT OF THE WAY | [BUTTONCONTROL:NAME]MAXIMIZE | [LEGACY:DESC]MAKES THE WINDOW FULL SCREEN | [BUTTONCONTROL:NAME]CLOSE | [LEGACY:DESC]CLOSES THE WINDOW | CUSTOM  CONTAINER | CONTROL  CONTAINER | CUSTOM  CONTAINER | CONTROL  CONTAINER | SAP'S ADVANCED TREELIST | CUSTOM  CONTAINER | CONTROL  CONTAINER
2026-06-30 14:39:02 | SUCCESS  |   ✓ [B200] 411077 — WH02, WT01 DITAMBAH
2026-06-30 14:39:02 | INFO     | [ 102/125]  411077  →  Plant: B201
2026-06-30 14:39:02 | DEBUG    |   Isi Material: 411077
2026-06-30 14:39:04 | DEBUG    |   Isi Plant: B201
2026-06-30 14:39:08 | DEBUG    |   [DEBUG] Mundur ke-1: 'WH01'
2026-06-30 14:39:08 | DEBUG    |   [DEBUG] Mundur ke-2: ''
2026-06-30 14:39:08 | DEBUG    |   [DEBUG] SLoc yang terbaca: ['WH01']
2026-06-30 14:39:09 | INFO     |   Isi SLoc yang belum ada: WH02, WT01
2026-06-30 14:39:09 | DEBUG    |   SLoc baru: WH02
2026-06-30 14:39:10 | DEBUG    |   SLoc baru: WT01
2026-06-30 14:39:11 | DEBUG    |   [DEBUG] Jumlah elemen terbaca: 22
2026-06-30 14:39:11 | DEBUG    |   [DEBUG] Status text: [WINDOWCONTROL:NAME]ENTER STORAGE LOCATIONS COLLECTIVELY: LIST | [BUTTONCONTROL:NAME]OPEN | [BUTTONCONTROL:NAME]DELETE | [LEGACY:DESC]DELETE   (SHIFT+F2) | [LEGACY:VALUE]ENTER STORAGE LOCATIONS COLLECTIVELY: LIST | [LEGACY:DESC]DISPLAYS THE NAME OF THE WINDOW AND CONTAINS CONTROLS TO MANIPULATE IT | [MENUBARCONTROL:NAME]SYSTEM | [LEGACY:DESC]CONTAINS COMMANDS TO MANIPULATE THE WINDOW | [MENUITEMCONTROL:NAME]SYSTEM | [BUTTONCONTROL:NAME]MINIMIZE | [LEGACY:DESC]MOVES THE WINDOW OUT OF THE WAY | [BUTTONCONTROL:NAME]MAXIMIZE | [LEGACY:DESC]MAKES THE WINDOW FULL SCREEN | [BUTTONCONTROL:NAME]CLOSE | [LEGACY:DESC]CLOSES THE WINDOW | CUSTOM  CONTAINER | CONTROL  CONTAINER | CUSTOM  CONTAINER | CONTROL  CONTAINER | SAP'S ADVANCED TREELIST | CUSTOM  CONTAINER | CONTROL  CONTAINER
2026-06-30 14:39:13 | SUCCESS  |   ✓ [B201] 411077 — WH02, WT01 DITAMBAH
2026-06-30 14:39:13 | INFO     | [ 103/125]  411077  →  Plant: B202
2026-06-30 14:39:13 | DEBUG    |   Isi Material: 411077
2026-06-30 14:39:15 | DEBUG    |   Isi Plant: B202
2026-06-30 14:39:18 | DEBUG    |   [DEBUG] Mundur ke-1: 'WH01'
2026-06-30 14:39:19 | DEBUG    |   [DEBUG] Mundur ke-2: ''
2026-06-30 14:39:19 | DEBUG    |   [DEBUG] SLoc yang terbaca: ['WH01']
2026-06-30 14:39:19 | INFO     |   Isi SLoc yang belum ada: WH02, WT01
2026-06-30 14:39:19 | DEBUG    |   SLoc baru: WH02
2026-06-30 14:39:20 | DEBUG    |   SLoc baru: WT01
2026-06-30 14:39:21 | DEBUG    |   [DEBUG] Jumlah elemen terbaca: 22
2026-06-30 14:39:21 | DEBUG    |   [DEBUG] Status text: [WINDOWCONTROL:NAME]ENTER STORAGE LOCATIONS COLLECTIVELY: LIST | [BUTTONCONTROL:NAME]OPEN | [BUTTONCONTROL:NAME]DELETE | [LEGACY:DESC]DELETE   (SHIFT+F2) | [LEGACY:VALUE]ENTER STORAGE LOCATIONS COLLECTIVELY: LIST | [LEGACY:DESC]DISPLAYS THE NAME OF THE WINDOW AND CONTAINS CONTROLS TO MANIPULATE IT | [MENUBARCONTROL:NAME]SYSTEM | [LEGACY:DESC]CONTAINS COMMANDS TO MANIPULATE THE WINDOW | [MENUITEMCONTROL:NAME]SYSTEM | [BUTTONCONTROL:NAME]MINIMIZE | [LEGACY:DESC]MOVES THE WINDOW OUT OF THE WAY | [BUTTONCONTROL:NAME]MAXIMIZE | [LEGACY:DESC]MAKES THE WINDOW FULL SCREEN | [BUTTONCONTROL:NAME]CLOSE | [LEGACY:DESC]CLOSES THE WINDOW | CUSTOM  CONTAINER | CONTROL  CONTAINER | CUSTOM  CONTAINER | CONTROL  CONTAINER | SAP'S ADVANCED TREELIST | CUSTOM  CONTAINER | CONTROL  CONTAINER
2026-06-30 14:39:23 | SUCCESS  |   ✓ [B202] 411077 — WH02, WT01 DITAMBAH
2026-06-30 14:39:23 | INFO     | [ 104/125]  411077  →  Plant: B203
2026-06-30 14:39:23 | DEBUG    |   Isi Material: 411077
2026-06-30 14:39:25 | DEBUG    |   Isi Plant: B203
2026-06-30 14:39:28 | DEBUG    |   [DEBUG] Mundur ke-1: 'WH01'
2026-06-30 14:39:29 | DEBUG    |   [DEBUG] Mundur ke-2: ''
2026-06-30 14:39:29 | DEBUG    |   [DEBUG] SLoc yang terbaca: ['WH01']
2026-06-30 14:39:29 | INFO     |   Isi SLoc yang belum ada: WH02, WT01
2026-06-30 14:39:30 | DEBUG    |   SLoc baru: WH02
2026-06-30 14:39:31 | DEBUG    |   SLoc baru: WT01
2026-06-30 14:39:32 | DEBUG    |   [DEBUG] Jumlah elemen terbaca: 22
2026-06-30 14:39:32 | DEBUG    |   [DEBUG] Status text: [WINDOWCONTROL:NAME]ENTER STORAGE LOCATIONS COLLECTIVELY: LIST | [BUTTONCONTROL:NAME]OPEN | [BUTTONCONTROL:NAME]DELETE | [LEGACY:DESC]DELETE   (SHIFT+F2) | [LEGACY:VALUE]ENTER STORAGE LOCATIONS COLLECTIVELY: LIST | [LEGACY:DESC]DISPLAYS THE NAME OF THE WINDOW AND CONTAINS CONTROLS TO MANIPULATE IT | [MENUBARCONTROL:NAME]SYSTEM | [LEGACY:DESC]CONTAINS COMMANDS TO MANIPULATE THE WINDOW | [MENUITEMCONTROL:NAME]SYSTEM | [BUTTONCONTROL:NAME]MINIMIZE | [LEGACY:DESC]MOVES THE WINDOW OUT OF THE WAY | [BUTTONCONTROL:NAME]MAXIMIZE | [LEGACY:DESC]MAKES THE WINDOW FULL SCREEN | [BUTTONCONTROL:NAME]CLOSE | [LEGACY:DESC]CLOSES THE WINDOW | CUSTOM  CONTAINER | CONTROL  CONTAINER | CUSTOM  CONTAINER | CONTROL  CONTAINER | SAP'S ADVANCED TREELIST | CUSTOM  CONTAINER | CONTROL  CONTAINER
2026-06-30 14:39:34 | SUCCESS  |   ✓ [B203] 411077 — WH02, WT01 DITAMBAH
2026-06-30 14:39:34 | INFO     | [ 105/125]  411077  →  Plant: B204
2026-06-30 14:39:34 | DEBUG    |   Isi Material: 411077
2026-06-30 14:39:35 | DEBUG    |   Isi Plant: B204
2026-06-30 14:39:39 | DEBUG    |   [DEBUG] Mundur ke-1: 'WH01'
2026-06-30 14:39:39 | DEBUG    |   [DEBUG] Mundur ke-2: ''
2026-06-30 14:39:40 | DEBUG    |   [DEBUG] SLoc yang terbaca: ['WH01']
2026-06-30 14:39:40 | INFO     |   Isi SLoc yang belum ada: WH02, WT01
2026-06-30 14:39:40 | DEBUG    |   SLoc baru: WH02
2026-06-30 14:39:41 | DEBUG    |   SLoc baru: WT01
2026-06-30 14:39:42 | DEBUG    |   [DEBUG] Jumlah elemen terbaca: 22
2026-06-30 14:39:42 | DEBUG    |   [DEBUG] Status text: [WINDOWCONTROL:NAME]ENTER STORAGE LOCATIONS COLLECTIVELY: LIST | [BUTTONCONTROL:NAME]OPEN | [BUTTONCONTROL:NAME]DELETE | [LEGACY:DESC]DELETE   (SHIFT+F2) | [LEGACY:VALUE]ENTER STORAGE LOCATIONS COLLECTIVELY: LIST | [LEGACY:DESC]DISPLAYS THE NAME OF THE WINDOW AND CONTAINS CONTROLS TO MANIPULATE IT | [MENUBARCONTROL:NAME]SYSTEM | [LEGACY:DESC]CONTAINS COMMANDS TO MANIPULATE THE WINDOW | [MENUITEMCONTROL:NAME]SYSTEM | [BUTTONCONTROL:NAME]MINIMIZE | [LEGACY:DESC]MOVES THE WINDOW OUT OF THE WAY | [BUTTONCONTROL:NAME]MAXIMIZE | [LEGACY:DESC]MAKES THE WINDOW FULL SCREEN | [BUTTONCONTROL:NAME]CLOSE | [LEGACY:DESC]CLOSES THE WINDOW | CUSTOM  CONTAINER | CONTROL  CONTAINER | CUSTOM  CONTAINER | CONTROL  CONTAINER | SAP'S ADVANCED TREELIST | CUSTOM  CONTAINER | CONTROL  CONTAINER
2026-06-30 14:39:44 | SUCCESS  |   ✓ [B204] 411077 — WH02, WT01 DITAMBAH
2026-06-30 14:39:44 | INFO     | [ 106/125]  411077  →  Plant: B205
2026-06-30 14:39:44 | DEBUG    |   Isi Material: 411077
2026-06-30 14:39:46 | DEBUG    |   Isi Plant: B205
2026-06-30 14:39:49 | DEBUG    |   [DEBUG] Mundur ke-1: 'WH01'
2026-06-30 14:39:50 | DEBUG    |   [DEBUG] Mundur ke-2: ''
2026-06-30 14:39:50 | DEBUG    |   [DEBUG] SLoc yang terbaca: ['WH01']
2026-06-30 14:39:50 | INFO     |   Isi SLoc yang belum ada: WH02, WT01
2026-06-30 14:39:50 | DEBUG    |   SLoc baru: WH02
2026-06-30 14:39:51 | DEBUG    |   SLoc baru: WT01
2026-06-30 14:39:52 | DEBUG    |   [DEBUG] Jumlah elemen terbaca: 22
2026-06-30 14:39:52 | DEBUG    |   [DEBUG] Status text: [WINDOWCONTROL:NAME]ENTER STORAGE LOCATIONS COLLECTIVELY: LIST | [BUTTONCONTROL:NAME]OPEN | [BUTTONCONTROL:NAME]DELETE | [LEGACY:DESC]DELETE   (SHIFT+F2) | [LEGACY:VALUE]ENTER STORAGE LOCATIONS COLLECTIVELY: LIST | [LEGACY:DESC]DISPLAYS THE NAME OF THE WINDOW AND CONTAINS CONTROLS TO MANIPULATE IT | [MENUBARCONTROL:NAME]SYSTEM | [LEGACY:DESC]CONTAINS COMMANDS TO MANIPULATE THE WINDOW | [MENUITEMCONTROL:NAME]SYSTEM | [BUTTONCONTROL:NAME]MINIMIZE | [LEGACY:DESC]MOVES THE WINDOW OUT OF THE WAY | [BUTTONCONTROL:NAME]MAXIMIZE | [LEGACY:DESC]MAKES THE WINDOW FULL SCREEN | [BUTTONCONTROL:NAME]CLOSE | [LEGACY:DESC]CLOSES THE WINDOW | CUSTOM  CONTAINER | CONTROL  CONTAINER | CUSTOM  CONTAINER | CONTROL  CONTAINER | SAP'S ADVANCED TREELIST | CUSTOM  CONTAINER | CONTROL  CONTAINER
2026-06-30 14:39:54 | SUCCESS  |   ✓ [B205] 411077 — WH02, WT01 DITAMBAH
2026-06-30 14:39:54 | INFO     | [ 107/125]  411077  →  Plant: B351
2026-06-30 14:39:54 | DEBUG    |   Isi Material: 411077
2026-06-30 14:39:56 | DEBUG    |   Isi Plant: B351
2026-06-30 14:39:59 | DEBUG    |   [DEBUG] Mundur ke-1: 'WH01'
2026-06-30 14:40:00 | DEBUG    |   [DEBUG] Mundur ke-2: ''
2026-06-30 14:40:00 | DEBUG    |   [DEBUG] SLoc yang terbaca: ['WH01']
2026-06-30 14:40:00 | INFO     |   Isi SLoc yang belum ada: WH02, WT01
2026-06-30 14:40:01 | DEBUG    |   SLoc baru: WH02
2026-06-30 14:40:02 | DEBUG    |   SLoc baru: WT01
2026-06-30 14:40:03 | DEBUG    |   [DEBUG] Jumlah elemen terbaca: 22
2026-06-30 14:40:03 | DEBUG    |   [DEBUG] Status text: [WINDOWCONTROL:NAME]ENTER STORAGE LOCATIONS COLLECTIVELY: LIST | [BUTTONCONTROL:NAME]OPEN | [BUTTONCONTROL:NAME]DELETE | [LEGACY:DESC]DELETE   (SHIFT+F2) | [LEGACY:VALUE]ENTER STORAGE LOCATIONS COLLECTIVELY: LIST | [LEGACY:DESC]DISPLAYS THE NAME OF THE WINDOW AND CONTAINS CONTROLS TO MANIPULATE IT | [MENUBARCONTROL:NAME]SYSTEM | [LEGACY:DESC]CONTAINS COMMANDS TO MANIPULATE THE WINDOW | [MENUITEMCONTROL:NAME]SYSTEM | [BUTTONCONTROL:NAME]MINIMIZE | [LEGACY:DESC]MOVES THE WINDOW OUT OF THE WAY | [BUTTONCONTROL:NAME]MAXIMIZE | [LEGACY:DESC]MAKES THE WINDOW FULL SCREEN | [BUTTONCONTROL:NAME]CLOSE | [LEGACY:DESC]CLOSES THE WINDOW | CUSTOM  CONTAINER | CONTROL  CONTAINER | CUSTOM  CONTAINER | CONTROL  CONTAINER | SAP'S ADVANCED TREELIST | CUSTOM  CONTAINER | CONTROL  CONTAINER
2026-06-30 14:40:05 | SUCCESS  |   ✓ [B351] 411077 — WH02, WT01 DITAMBAH
2026-06-30 14:40:05 | INFO     | [ 108/125]  411077  →  Plant: B352
2026-06-30 14:40:05 | DEBUG    |   Isi Material: 411077
2026-06-30 14:40:07 | DEBUG    |   Isi Plant: B352
2026-06-30 14:40:10 | DEBUG    |   [DEBUG] Mundur ke-1: 'WH01'
2026-06-30 14:40:11 | DEBUG    |   [DEBUG] Mundur ke-2: ''
2026-06-30 14:40:11 | DEBUG    |   [DEBUG] SLoc yang terbaca: ['WH01']
2026-06-30 14:40:11 | INFO     |   Isi SLoc yang belum ada: WH02, WT01
2026-06-30 14:40:11 | DEBUG    |   SLoc baru: WH02
2026-06-30 14:40:12 | DEBUG    |   SLoc baru: WT01
2026-06-30 14:40:13 | DEBUG    |   [DEBUG] Jumlah elemen terbaca: 22
2026-06-30 14:40:13 | DEBUG    |   [DEBUG] Status text: [WINDOWCONTROL:NAME]ENTER STORAGE LOCATIONS COLLECTIVELY: LIST | [BUTTONCONTROL:NAME]OPEN | [BUTTONCONTROL:NAME]DELETE | [LEGACY:DESC]DELETE   (SHIFT+F2) | [LEGACY:VALUE]ENTER STORAGE LOCATIONS COLLECTIVELY: LIST | [LEGACY:DESC]DISPLAYS THE NAME OF THE WINDOW AND CONTAINS CONTROLS TO MANIPULATE IT | [MENUBARCONTROL:NAME]SYSTEM | [LEGACY:DESC]CONTAINS COMMANDS TO MANIPULATE THE WINDOW | [MENUITEMCONTROL:NAME]SYSTEM | [BUTTONCONTROL:NAME]MINIMIZE | [LEGACY:DESC]MOVES THE WINDOW OUT OF THE WAY | [BUTTONCONTROL:NAME]MAXIMIZE | [LEGACY:DESC]MAKES THE WINDOW FULL SCREEN | [BUTTONCONTROL:NAME]CLOSE | [LEGACY:DESC]CLOSES THE WINDOW | CUSTOM  CONTAINER | CONTROL  CONTAINER | CUSTOM  CONTAINER | CONTROL  CONTAINER | SAP'S ADVANCED TREELIST | CUSTOM  CONTAINER | CONTROL  CONTAINER
2026-06-30 14:40:15 | SUCCESS  |   ✓ [B352] 411077 — WH02, WT01 DITAMBAH
2026-06-30 14:40:15 | INFO     | [ 109/125]  411077  →  Plant: B353
2026-06-30 14:40:15 | DEBUG    |   Isi Material: 411077
2026-06-30 14:40:17 | DEBUG    |   Isi Plant: B353
2026-06-30 14:40:20 | DEBUG    |   [DEBUG] Mundur ke-1: 'WH01'
2026-06-30 14:40:21 | DEBUG    |   [DEBUG] Mundur ke-2: ''
2026-06-30 14:40:21 | DEBUG    |   [DEBUG] SLoc yang terbaca: ['WH01']
2026-06-30 14:40:21 | INFO     |   Isi SLoc yang belum ada: WH02, WT01
2026-06-30 14:40:22 | DEBUG    |   SLoc baru: WH02
2026-06-30 14:40:23 | DEBUG    |   SLoc baru: WT01
2026-06-30 14:40:23 | DEBUG    |   [DEBUG] Jumlah elemen terbaca: 22
2026-06-30 14:40:23 | DEBUG    |   [DEBUG] Status text: [WINDOWCONTROL:NAME]ENTER STORAGE LOCATIONS COLLECTIVELY: LIST | [BUTTONCONTROL:NAME]OPEN | [BUTTONCONTROL:NAME]DELETE | [LEGACY:DESC]DELETE   (SHIFT+F2) | [LEGACY:VALUE]ENTER STORAGE LOCATIONS COLLECTIVELY: LIST | [LEGACY:DESC]DISPLAYS THE NAME OF THE WINDOW AND CONTAINS CONTROLS TO MANIPULATE IT | [MENUBARCONTROL:NAME]SYSTEM | [LEGACY:DESC]CONTAINS COMMANDS TO MANIPULATE THE WINDOW | [MENUITEMCONTROL:NAME]SYSTEM | [BUTTONCONTROL:NAME]MINIMIZE | [LEGACY:DESC]MOVES THE WINDOW OUT OF THE WAY | [BUTTONCONTROL:NAME]MAXIMIZE | [LEGACY:DESC]MAKES THE WINDOW FULL SCREEN | [BUTTONCONTROL:NAME]CLOSE | [LEGACY:DESC]CLOSES THE WINDOW | CUSTOM  CONTAINER | CONTROL  CONTAINER | CUSTOM  CONTAINER | CONTROL  CONTAINER | SAP'S ADVANCED TREELIST | CUSTOM  CONTAINER | CONTROL  CONTAINER
2026-06-30 14:40:26 | SUCCESS  |   ✓ [B353] 411077 — WH02, WT01 DITAMBAH
2026-06-30 14:40:26 | INFO     | [ 110/125]  411077  →  Plant: B354
2026-06-30 14:40:26 | DEBUG    |   Isi Material: 411077
2026-06-30 14:40:27 | DEBUG    |   Isi Plant: B354
2026-06-30 14:40:31 | DEBUG    |   [DEBUG] Mundur ke-1: 'WH01'
2026-06-30 14:40:31 | DEBUG    |   [DEBUG] Mundur ke-2: ''
2026-06-30 14:40:32 | DEBUG    |   [DEBUG] SLoc yang terbaca: ['WH01']
2026-06-30 14:40:32 | INFO     |   Isi SLoc yang belum ada: WH02, WT01
2026-06-30 14:40:32 | DEBUG    |   SLoc baru: WH02
2026-06-30 14:40:33 | DEBUG    |   SLoc baru: WT01
2026-06-30 14:40:34 | DEBUG    |   [DEBUG] Jumlah elemen terbaca: 22
2026-06-30 14:40:34 | DEBUG    |   [DEBUG] Status text: [WINDOWCONTROL:NAME]ENTER STORAGE LOCATIONS COLLECTIVELY: LIST | [BUTTONCONTROL:NAME]OPEN | [BUTTONCONTROL:NAME]DELETE | [LEGACY:DESC]DELETE   (SHIFT+F2) | [LEGACY:VALUE]ENTER STORAGE LOCATIONS COLLECTIVELY: LIST | [LEGACY:DESC]DISPLAYS THE NAME OF THE WINDOW AND CONTAINS CONTROLS TO MANIPULATE IT | [MENUBARCONTROL:NAME]SYSTEM | [LEGACY:DESC]CONTAINS COMMANDS TO MANIPULATE THE WINDOW | [MENUITEMCONTROL:NAME]SYSTEM | [BUTTONCONTROL:NAME]MINIMIZE | [LEGACY:DESC]MOVES THE WINDOW OUT OF THE WAY | [BUTTONCONTROL:NAME]MAXIMIZE | [LEGACY:DESC]MAKES THE WINDOW FULL SCREEN | [BUTTONCONTROL:NAME]CLOSE | [LEGACY:DESC]CLOSES THE WINDOW | CUSTOM  CONTAINER | CONTROL  CONTAINER | CUSTOM  CONTAINER | CONTROL  CONTAINER | SAP'S ADVANCED TREELIST | CUSTOM  CONTAINER | CONTROL  CONTAINER
2026-06-30 14:40:36 | SUCCESS  |   ✓ [B354] 411077 — WH02, WT01 DITAMBAH
2026-06-30 14:40:36 | INFO     | [ 111/125]  411077  →  Plant: B356
2026-06-30 14:40:36 | DEBUG    |   Isi Material: 411077
2026-06-30 14:40:38 | DEBUG    |   Isi Plant: B356
2026-06-30 14:40:41 | DEBUG    |   [DEBUG] Mundur ke-1: 'WH01'
2026-06-30 14:40:42 | DEBUG    |   [DEBUG] Mundur ke-2: ''
2026-06-30 14:40:42 | DEBUG    |   [DEBUG] SLoc yang terbaca: ['WH01']
2026-06-30 14:40:42 | INFO     |   Isi SLoc yang belum ada: WH02, WT01
2026-06-30 14:40:42 | DEBUG    |   SLoc baru: WH02
2026-06-30 14:40:43 | DEBUG    |   SLoc baru: WT01
2026-06-30 14:40:44 | DEBUG    |   [DEBUG] Jumlah elemen terbaca: 22
2026-06-30 14:40:44 | DEBUG    |   [DEBUG] Status text: [WINDOWCONTROL:NAME]ENTER STORAGE LOCATIONS COLLECTIVELY: LIST | [BUTTONCONTROL:NAME]OPEN | [BUTTONCONTROL:NAME]DELETE | [LEGACY:DESC]DELETE   (SHIFT+F2) | [LEGACY:VALUE]ENTER STORAGE LOCATIONS COLLECTIVELY: LIST | [LEGACY:DESC]DISPLAYS THE NAME OF THE WINDOW AND CONTAINS CONTROLS TO MANIPULATE IT | [MENUBARCONTROL:NAME]SYSTEM | [LEGACY:DESC]CONTAINS COMMANDS TO MANIPULATE THE WINDOW | [MENUITEMCONTROL:NAME]SYSTEM | [BUTTONCONTROL:NAME]MINIMIZE | [LEGACY:DESC]MOVES THE WINDOW OUT OF THE WAY | [BUTTONCONTROL:NAME]MAXIMIZE | [LEGACY:DESC]MAKES THE WINDOW FULL SCREEN | [BUTTONCONTROL:NAME]CLOSE | [LEGACY:DESC]CLOSES THE WINDOW | CUSTOM  CONTAINER | CONTROL  CONTAINER | CUSTOM  CONTAINER | CONTROL  CONTAINER | SAP'S ADVANCED TREELIST | CUSTOM  CONTAINER | CONTROL  CONTAINER
2026-06-30 14:40:46 | SUCCESS  |   ✓ [B356] 411077 — WH02, WT01 DITAMBAH
2026-06-30 14:40:46 | INFO     | [ 112/125]  411077  →  Plant: B357
2026-06-30 14:40:46 | DEBUG    |   Isi Material: 411077
2026-06-30 14:40:48 | DEBUG    |   Isi Plant: B357
2026-06-30 14:40:51 | DEBUG    |   [DEBUG] Mundur ke-1: 'WH01'
2026-06-30 14:40:52 | DEBUG    |   [DEBUG] Mundur ke-2: ''
2026-06-30 14:40:52 | DEBUG    |   [DEBUG] SLoc yang terbaca: ['WH01']
2026-06-30 14:40:52 | INFO     |   Isi SLoc yang belum ada: WH02, WT01
2026-06-30 14:40:53 | DEBUG    |   SLoc baru: WH02
2026-06-30 14:40:54 | DEBUG    |   SLoc baru: WT01
2026-06-30 14:40:54 | DEBUG    |   [DEBUG] Jumlah elemen terbaca: 22
2026-06-30 14:40:54 | DEBUG    |   [DEBUG] Status text: [WINDOWCONTROL:NAME]ENTER STORAGE LOCATIONS COLLECTIVELY: LIST | [BUTTONCONTROL:NAME]OPEN | [BUTTONCONTROL:NAME]DELETE | [LEGACY:DESC]DELETE   (SHIFT+F2) | [LEGACY:VALUE]ENTER STORAGE LOCATIONS COLLECTIVELY: LIST | [LEGACY:DESC]DISPLAYS THE NAME OF THE WINDOW AND CONTAINS CONTROLS TO MANIPULATE IT | [MENUBARCONTROL:NAME]SYSTEM | [LEGACY:DESC]CONTAINS COMMANDS TO MANIPULATE THE WINDOW | [MENUITEMCONTROL:NAME]SYSTEM | [BUTTONCONTROL:NAME]MINIMIZE | [LEGACY:DESC]MOVES THE WINDOW OUT OF THE WAY | [BUTTONCONTROL:NAME]MAXIMIZE | [LEGACY:DESC]MAKES THE WINDOW FULL SCREEN | [BUTTONCONTROL:NAME]CLOSE | [LEGACY:DESC]CLOSES THE WINDOW | CUSTOM  CONTAINER | CONTROL  CONTAINER | CUSTOM  CONTAINER | CONTROL  CONTAINER | SAP'S ADVANCED TREELIST | CUSTOM  CONTAINER | CONTROL  CONTAINER
2026-06-30 14:40:57 | SUCCESS  |   ✓ [B357] 411077 — WH02, WT01 DITAMBAH
2026-06-30 14:40:57 | INFO     | [ 113/125]  411077  →  Plant: B358
2026-06-30 14:40:57 | DEBUG    |   Isi Material: 411077
2026-06-30 14:40:58 | DEBUG    |   Isi Plant: B358
2026-06-30 14:41:02 | DEBUG    |   [DEBUG] Mundur ke-1: 'WH01'
2026-06-30 14:41:02 | DEBUG    |   [DEBUG] Mundur ke-2: ''
2026-06-30 14:41:03 | DEBUG    |   [DEBUG] SLoc yang terbaca: ['WH01']
2026-06-30 14:41:03 | INFO     |   Isi SLoc yang belum ada: WH02, WT01
2026-06-30 14:41:03 | DEBUG    |   SLoc baru: WH02
2026-06-30 14:41:04 | DEBUG    |   SLoc baru: WT01
2026-06-30 14:41:05 | DEBUG    |   [DEBUG] Jumlah elemen terbaca: 22
2026-06-30 14:41:05 | DEBUG    |   [DEBUG] Status text: [WINDOWCONTROL:NAME]ENTER STORAGE LOCATIONS COLLECTIVELY: LIST | [BUTTONCONTROL:NAME]OPEN | [BUTTONCONTROL:NAME]DELETE | [LEGACY:DESC]DELETE   (SHIFT+F2) | [LEGACY:VALUE]ENTER STORAGE LOCATIONS COLLECTIVELY: LIST | [LEGACY:DESC]DISPLAYS THE NAME OF THE WINDOW AND CONTAINS CONTROLS TO MANIPULATE IT | [MENUBARCONTROL:NAME]SYSTEM | [LEGACY:DESC]CONTAINS COMMANDS TO MANIPULATE THE WINDOW | [MENUITEMCONTROL:NAME]SYSTEM | [BUTTONCONTROL:NAME]MINIMIZE | [LEGACY:DESC]MOVES THE WINDOW OUT OF THE WAY | [BUTTONCONTROL:NAME]MAXIMIZE | [LEGACY:DESC]MAKES THE WINDOW FULL SCREEN | [BUTTONCONTROL:NAME]CLOSE | [LEGACY:DESC]CLOSES THE WINDOW | CUSTOM  CONTAINER | CONTROL  CONTAINER | CUSTOM  CONTAINER | CONTROL  CONTAINER | SAP'S ADVANCED TREELIST | CUSTOM  CONTAINER | CONTROL  CONTAINER
2026-06-30 14:41:07 | SUCCESS  |   ✓ [B358] 411077 — WH02, WT01 DITAMBAH
2026-06-30 14:41:07 | INFO     | [ 114/125]  411077  →  Plant: B360
2026-06-30 14:41:07 | DEBUG    |   Isi Material: 411077
2026-06-30 14:41:09 | DEBUG    |   Isi Plant: B360
2026-06-30 14:41:12 | DEBUG    |   [DEBUG] Mundur ke-1: 'WH01'
2026-06-30 14:41:13 | DEBUG    |   [DEBUG] Mundur ke-2: ''
2026-06-30 14:41:13 | DEBUG    |   [DEBUG] SLoc yang terbaca: ['WH01']
2026-06-30 14:41:13 | INFO     |   Isi SLoc yang belum ada: WH02, WT01
2026-06-30 14:41:13 | DEBUG    |   SLoc baru: WH02
2026-06-30 14:41:14 | DEBUG    |   SLoc baru: WT01
2026-06-30 14:41:15 | DEBUG    |   [DEBUG] Jumlah elemen terbaca: 22
2026-06-30 14:41:15 | DEBUG    |   [DEBUG] Status text: [WINDOWCONTROL:NAME]ENTER STORAGE LOCATIONS COLLECTIVELY: LIST | [BUTTONCONTROL:NAME]OPEN | [BUTTONCONTROL:NAME]DELETE | [LEGACY:DESC]DELETE   (SHIFT+F2) | [LEGACY:VALUE]ENTER STORAGE LOCATIONS COLLECTIVELY: LIST | [LEGACY:DESC]DISPLAYS THE NAME OF THE WINDOW AND CONTAINS CONTROLS TO MANIPULATE IT | [MENUBARCONTROL:NAME]SYSTEM | [LEGACY:DESC]CONTAINS COMMANDS TO MANIPULATE THE WINDOW | [MENUITEMCONTROL:NAME]SYSTEM | [BUTTONCONTROL:NAME]MINIMIZE | [LEGACY:DESC]MOVES THE WINDOW OUT OF THE WAY | [BUTTONCONTROL:NAME]MAXIMIZE | [LEGACY:DESC]MAKES THE WINDOW FULL SCREEN | [BUTTONCONTROL:NAME]CLOSE | [LEGACY:DESC]CLOSES THE WINDOW | CUSTOM  CONTAINER | CONTROL  CONTAINER | CUSTOM  CONTAINER | CONTROL  CONTAINER | SAP'S ADVANCED TREELIST | CUSTOM  CONTAINER | CONTROL  CONTAINER
2026-06-30 14:41:17 | SUCCESS  |   ✓ [B360] 411077 — WH02, WT01 DITAMBAH
2026-06-30 14:41:17 | INFO     | [ 115/125]  411077  →  Plant: B361
2026-06-30 14:41:17 | DEBUG    |   Isi Material: 411077
2026-06-30 14:41:19 | DEBUG    |   Isi Plant: B361
2026-06-30 14:41:22 | DEBUG    |   [DEBUG] Mundur ke-1: 'WH01'
2026-06-30 14:41:23 | DEBUG    |   [DEBUG] Mundur ke-2: ''
2026-06-30 14:41:23 | DEBUG    |   [DEBUG] SLoc yang terbaca: ['WH01']
2026-06-30 14:41:23 | INFO     |   Isi SLoc yang belum ada: WH02, WT01
2026-06-30 14:41:24 | DEBUG    |   SLoc baru: WH02
2026-06-30 14:41:25 | DEBUG    |   SLoc baru: WT01
2026-06-30 14:41:26 | DEBUG    |   [DEBUG] Jumlah elemen terbaca: 22
2026-06-30 14:41:26 | DEBUG    |   [DEBUG] Status text: [WINDOWCONTROL:NAME]ENTER STORAGE LOCATIONS COLLECTIVELY: LIST | [BUTTONCONTROL:NAME]OPEN | [BUTTONCONTROL:NAME]DELETE | [LEGACY:DESC]DELETE   (SHIFT+F2) | [LEGACY:VALUE]ENTER STORAGE LOCATIONS COLLECTIVELY: LIST | [LEGACY:DESC]DISPLAYS THE NAME OF THE WINDOW AND CONTAINS CONTROLS TO MANIPULATE IT | [MENUBARCONTROL:NAME]SYSTEM | [LEGACY:DESC]CONTAINS COMMANDS TO MANIPULATE THE WINDOW | [MENUITEMCONTROL:NAME]SYSTEM | [BUTTONCONTROL:NAME]MINIMIZE | [LEGACY:DESC]MOVES THE WINDOW OUT OF THE WAY | [BUTTONCONTROL:NAME]MAXIMIZE | [LEGACY:DESC]MAKES THE WINDOW FULL SCREEN | [BUTTONCONTROL:NAME]CLOSE | [LEGACY:DESC]CLOSES THE WINDOW | CUSTOM  CONTAINER | CONTROL  CONTAINER | CUSTOM  CONTAINER | CONTROL  CONTAINER | SAP'S ADVANCED TREELIST | CUSTOM  CONTAINER | CONTROL  CONTAINER
2026-06-30 14:41:28 | SUCCESS  |   ✓ [B361] 411077 — WH02, WT01 DITAMBAH
2026-06-30 14:41:28 | INFO     | [ 116/125]  411077  →  Plant: B362
2026-06-30 14:41:28 | DEBUG    |   Isi Material: 411077
2026-06-30 14:41:29 | DEBUG    |   Isi Plant: B362
2026-06-30 14:41:33 | DEBUG    |   [DEBUG] Mundur ke-1: 'WH01'
2026-06-30 14:41:33 | DEBUG    |   [DEBUG] Mundur ke-2: ''
2026-06-30 14:41:34 | DEBUG    |   [DEBUG] SLoc yang terbaca: ['WH01']
2026-06-30 14:41:34 | INFO     |   Isi SLoc yang belum ada: WH02, WT01
2026-06-30 14:41:34 | DEBUG    |   SLoc baru: WH02
2026-06-30 14:41:35 | DEBUG    |   SLoc baru: WT01
2026-06-30 14:41:36 | DEBUG    |   [DEBUG] Jumlah elemen terbaca: 22
2026-06-30 14:41:36 | DEBUG    |   [DEBUG] Status text: [WINDOWCONTROL:NAME]ENTER STORAGE LOCATIONS COLLECTIVELY: LIST | [BUTTONCONTROL:NAME]OPEN | [BUTTONCONTROL:NAME]DELETE | [LEGACY:DESC]DELETE   (SHIFT+F2) | [LEGACY:VALUE]ENTER STORAGE LOCATIONS COLLECTIVELY: LIST | [LEGACY:DESC]DISPLAYS THE NAME OF THE WINDOW AND CONTAINS CONTROLS TO MANIPULATE IT | [MENUBARCONTROL:NAME]SYSTEM | [LEGACY:DESC]CONTAINS COMMANDS TO MANIPULATE THE WINDOW | [MENUITEMCONTROL:NAME]SYSTEM | [BUTTONCONTROL:NAME]MINIMIZE | [LEGACY:DESC]MOVES THE WINDOW OUT OF THE WAY | [BUTTONCONTROL:NAME]MAXIMIZE | [LEGACY:DESC]MAKES THE WINDOW FULL SCREEN | [BUTTONCONTROL:NAME]CLOSE | [LEGACY:DESC]CLOSES THE WINDOW | CUSTOM  CONTAINER | CONTROL  CONTAINER | CUSTOM  CONTAINER | CONTROL  CONTAINER | SAP'S ADVANCED TREELIST | CUSTOM  CONTAINER | CONTROL  CONTAINER
2026-06-30 14:41:38 | SUCCESS  |   ✓ [B362] 411077 — WH02, WT01 DITAMBAH
2026-06-30 14:41:38 | INFO     | [ 117/125]  411077  →  Plant: B363
2026-06-30 14:41:38 | DEBUG    |   Isi Material: 411077
2026-06-30 14:41:40 | DEBUG    |   Isi Plant: B363
2026-06-30 14:41:43 | DEBUG    |   [DEBUG] Mundur ke-1: 'WH01'
2026-06-30 14:41:44 | DEBUG    |   [DEBUG] Mundur ke-2: ''
2026-06-30 14:41:44 | DEBUG    |   [DEBUG] SLoc yang terbaca: ['WH01']
2026-06-30 14:41:44 | INFO     |   Isi SLoc yang belum ada: WH02, WT01
2026-06-30 14:41:44 | DEBUG    |   SLoc baru: WH02
2026-06-30 14:41:45 | DEBUG    |   SLoc baru: WT01
2026-06-30 14:41:46 | DEBUG    |   [DEBUG] Jumlah elemen terbaca: 22
2026-06-30 14:41:46 | DEBUG    |   [DEBUG] Status text: [WINDOWCONTROL:NAME]ENTER STORAGE LOCATIONS COLLECTIVELY: LIST | [BUTTONCONTROL:NAME]OPEN | [BUTTONCONTROL:NAME]DELETE | [LEGACY:DESC]DELETE   (SHIFT+F2) | [LEGACY:VALUE]ENTER STORAGE LOCATIONS COLLECTIVELY: LIST | [LEGACY:DESC]DISPLAYS THE NAME OF THE WINDOW AND CONTAINS CONTROLS TO MANIPULATE IT | [MENUBARCONTROL:NAME]SYSTEM | [LEGACY:DESC]CONTAINS COMMANDS TO MANIPULATE THE WINDOW | [MENUITEMCONTROL:NAME]SYSTEM | [BUTTONCONTROL:NAME]MINIMIZE | [LEGACY:DESC]MOVES THE WINDOW OUT OF THE WAY | [BUTTONCONTROL:NAME]MAXIMIZE | [LEGACY:DESC]MAKES THE WINDOW FULL SCREEN | [BUTTONCONTROL:NAME]CLOSE | [LEGACY:DESC]CLOSES THE WINDOW | CUSTOM  CONTAINER | CONTROL  CONTAINER | CUSTOM  CONTAINER | CONTROL  CONTAINER | SAP'S ADVANCED TREELIST | CUSTOM  CONTAINER | CONTROL  CONTAINER
2026-06-30 14:41:48 | SUCCESS  |   ✓ [B363] 411077 — WH02, WT01 DITAMBAH
2026-06-30 14:41:48 | INFO     | [ 118/125]  411077  →  Plant: B364
2026-06-30 14:41:48 | DEBUG    |   Isi Material: 411077
2026-06-30 14:41:50 | DEBUG    |   Isi Plant: B364
2026-06-30 14:41:53 | DEBUG    |   [DEBUG] Mundur ke-1: 'WH01'
2026-06-30 14:41:54 | DEBUG    |   [DEBUG] Mundur ke-2: ''
2026-06-30 14:41:54 | DEBUG    |   [DEBUG] SLoc yang terbaca: ['WH01']
2026-06-30 14:41:54 | INFO     |   Isi SLoc yang belum ada: WH02, WT01
2026-06-30 14:41:55 | DEBUG    |   SLoc baru: WH02
2026-06-30 14:41:56 | DEBUG    |   SLoc baru: WT01
2026-06-30 14:41:57 | DEBUG    |   [DEBUG] Jumlah elemen terbaca: 22
2026-06-30 14:41:57 | DEBUG    |   [DEBUG] Status text: [WINDOWCONTROL:NAME]ENTER STORAGE LOCATIONS COLLECTIVELY: LIST | [BUTTONCONTROL:NAME]OPEN | [BUTTONCONTROL:NAME]DELETE | [LEGACY:DESC]DELETE   (SHIFT+F2) | [LEGACY:VALUE]ENTER STORAGE LOCATIONS COLLECTIVELY: LIST | [LEGACY:DESC]DISPLAYS THE NAME OF THE WINDOW AND CONTAINS CONTROLS TO MANIPULATE IT | [MENUBARCONTROL:NAME]SYSTEM | [LEGACY:DESC]CONTAINS COMMANDS TO MANIPULATE THE WINDOW | [MENUITEMCONTROL:NAME]SYSTEM | [BUTTONCONTROL:NAME]MINIMIZE | [LEGACY:DESC]MOVES THE WINDOW OUT OF THE WAY | [BUTTONCONTROL:NAME]MAXIMIZE | [LEGACY:DESC]MAKES THE WINDOW FULL SCREEN | [BUTTONCONTROL:NAME]CLOSE | [LEGACY:DESC]CLOSES THE WINDOW | CUSTOM  CONTAINER | CONTROL  CONTAINER | CUSTOM  CONTAINER | CONTROL  CONTAINER | SAP'S ADVANCED TREELIST | CUSTOM  CONTAINER | CONTROL  CONTAINER
2026-06-30 14:41:59 | SUCCESS  |   ✓ [B364] 411077 — WH02, WT01 DITAMBAH
2026-06-30 14:41:59 | INFO     | [ 119/125]  411077  →  Plant: B365
2026-06-30 14:41:59 | DEBUG    |   Isi Material: 411077
2026-06-30 14:42:00 | DEBUG    |   Isi Plant: B365
2026-06-30 14:42:04 | DEBUG    |   [DEBUG] Mundur ke-1: 'WH01'
2026-06-30 14:42:04 | DEBUG    |   [DEBUG] Mundur ke-2: ''
2026-06-30 14:42:05 | DEBUG    |   [DEBUG] SLoc yang terbaca: ['WH01']
2026-06-30 14:42:05 | INFO     |   Isi SLoc yang belum ada: WH02, WT01
2026-06-30 14:42:05 | DEBUG    |   SLoc baru: WH02
2026-06-30 14:42:06 | DEBUG    |   SLoc baru: WT01
2026-06-30 14:42:07 | DEBUG    |   [DEBUG] Jumlah elemen terbaca: 22
2026-06-30 14:42:07 | DEBUG    |   [DEBUG] Status text: [WINDOWCONTROL:NAME]ENTER STORAGE LOCATIONS COLLECTIVELY: LIST | [BUTTONCONTROL:NAME]OPEN | [BUTTONCONTROL:NAME]DELETE | [LEGACY:DESC]DELETE   (SHIFT+F2) | [LEGACY:VALUE]ENTER STORAGE LOCATIONS COLLECTIVELY: LIST | [LEGACY:DESC]DISPLAYS THE NAME OF THE WINDOW AND CONTAINS CONTROLS TO MANIPULATE IT | [MENUBARCONTROL:NAME]SYSTEM | [LEGACY:DESC]CONTAINS COMMANDS TO MANIPULATE THE WINDOW | [MENUITEMCONTROL:NAME]SYSTEM | [BUTTONCONTROL:NAME]MINIMIZE | [LEGACY:DESC]MOVES THE WINDOW OUT OF THE WAY | [BUTTONCONTROL:NAME]MAXIMIZE | [LEGACY:DESC]MAKES THE WINDOW FULL SCREEN | [BUTTONCONTROL:NAME]CLOSE | [LEGACY:DESC]CLOSES THE WINDOW | CUSTOM  CONTAINER | CONTROL  CONTAINER | CUSTOM  CONTAINER | CONTROL  CONTAINER | SAP'S ADVANCED TREELIST | CUSTOM  CONTAINER | CONTROL  CONTAINER
2026-06-30 14:42:09 | SUCCESS  |   ✓ [B365] 411077 — WH02, WT01 DITAMBAH
2026-06-30 14:42:09 | INFO     | [ 120/125]  411077  →  Plant: B366
2026-06-30 14:42:09 | DEBUG    |   Isi Material: 411077
2026-06-30 14:42:11 | DEBUG    |   Isi Plant: B366
2026-06-30 14:42:14 | DEBUG    |   [DEBUG] Mundur ke-1: 'WH01'
2026-06-30 14:42:15 | DEBUG    |   [DEBUG] Mundur ke-2: ''
2026-06-30 14:42:15 | DEBUG    |   [DEBUG] SLoc yang terbaca: ['WH01']
2026-06-30 14:42:15 | INFO     |   Isi SLoc yang belum ada: WH02, WT01
2026-06-30 14:42:15 | DEBUG    |   SLoc baru: WH02
2026-06-30 14:42:16 | DEBUG    |   SLoc baru: WT01
2026-06-30 14:42:17 | DEBUG    |   [DEBUG] Jumlah elemen terbaca: 22
2026-06-30 14:42:17 | DEBUG    |   [DEBUG] Status text: [WINDOWCONTROL:NAME]ENTER STORAGE LOCATIONS COLLECTIVELY: LIST | [BUTTONCONTROL:NAME]OPEN | [BUTTONCONTROL:NAME]DELETE | [LEGACY:DESC]DELETE   (SHIFT+F2) | [LEGACY:VALUE]ENTER STORAGE LOCATIONS COLLECTIVELY: LIST | [LEGACY:DESC]DISPLAYS THE NAME OF THE WINDOW AND CONTAINS CONTROLS TO MANIPULATE IT | [MENUBARCONTROL:NAME]SYSTEM | [LEGACY:DESC]CONTAINS COMMANDS TO MANIPULATE THE WINDOW | [MENUITEMCONTROL:NAME]SYSTEM | [BUTTONCONTROL:NAME]MINIMIZE | [LEGACY:DESC]MOVES THE WINDOW OUT OF THE WAY | [BUTTONCONTROL:NAME]MAXIMIZE | [LEGACY:DESC]MAKES THE WINDOW FULL SCREEN | [BUTTONCONTROL:NAME]CLOSE | [LEGACY:DESC]CLOSES THE WINDOW | CUSTOM  CONTAINER | CONTROL  CONTAINER | CUSTOM  CONTAINER | CONTROL  CONTAINER | SAP'S ADVANCED TREELIST | CUSTOM  CONTAINER | CONTROL  CONTAINER
2026-06-30 14:42:19 | SUCCESS  |   ✓ [B366] 411077 — WH02, WT01 DITAMBAH
2026-06-30 14:42:19 | INFO     | [ 121/125]  411077  →  Plant: B367
2026-06-30 14:42:19 | DEBUG    |   Isi Material: 411077
2026-06-30 14:42:21 | DEBUG    |   Isi Plant: B367
2026-06-30 14:42:25 | DEBUG    |   [DEBUG] Mundur ke-1: 'WH01'
2026-06-30 14:42:25 | DEBUG    |   [DEBUG] Mundur ke-2: ''
2026-06-30 14:42:25 | DEBUG    |   [DEBUG] SLoc yang terbaca: ['WH01']
2026-06-30 14:42:25 | INFO     |   Isi SLoc yang belum ada: WH02, WT01
2026-06-30 14:42:26 | DEBUG    |   SLoc baru: WH02
2026-06-30 14:42:27 | DEBUG    |   SLoc baru: WT01
2026-06-30 14:42:28 | DEBUG    |   [DEBUG] Jumlah elemen terbaca: 22
2026-06-30 14:42:28 | DEBUG    |   [DEBUG] Status text: [WINDOWCONTROL:NAME]ENTER STORAGE LOCATIONS COLLECTIVELY: LIST | [BUTTONCONTROL:NAME]OPEN | [BUTTONCONTROL:NAME]DELETE | [LEGACY:DESC]DELETE   (SHIFT+F2) | [LEGACY:VALUE]ENTER STORAGE LOCATIONS COLLECTIVELY: LIST | [LEGACY:DESC]DISPLAYS THE NAME OF THE WINDOW AND CONTAINS CONTROLS TO MANIPULATE IT | [MENUBARCONTROL:NAME]SYSTEM | [LEGACY:DESC]CONTAINS COMMANDS TO MANIPULATE THE WINDOW | [MENUITEMCONTROL:NAME]SYSTEM | [BUTTONCONTROL:NAME]MINIMIZE | [LEGACY:DESC]MOVES THE WINDOW OUT OF THE WAY | [BUTTONCONTROL:NAME]MAXIMIZE | [LEGACY:DESC]MAKES THE WINDOW FULL SCREEN | [BUTTONCONTROL:NAME]CLOSE | [LEGACY:DESC]CLOSES THE WINDOW | CUSTOM  CONTAINER | CONTROL  CONTAINER | CUSTOM  CONTAINER | CONTROL  CONTAINER | SAP'S ADVANCED TREELIST | CUSTOM  CONTAINER | CONTROL  CONTAINER
2026-06-30 14:42:30 | SUCCESS  |   ✓ [B367] 411077 — WH02, WT01 DITAMBAH
2026-06-30 14:42:30 | INFO     | [ 122/125]  411077  →  Plant: B368
2026-06-30 14:42:30 | DEBUG    |   Isi Material: 411077
2026-06-30 14:42:32 | DEBUG    |   Isi Plant: B368
2026-06-30 14:42:35 | DEBUG    |   [DEBUG] Mundur ke-1: 'WH01'
2026-06-30 14:42:36 | DEBUG    |   [DEBUG] Mundur ke-2: ''
2026-06-30 14:42:36 | DEBUG    |   [DEBUG] SLoc yang terbaca: ['WH01']
2026-06-30 14:42:36 | INFO     |   Isi SLoc yang belum ada: WH02, WT01
2026-06-30 14:42:36 | DEBUG    |   SLoc baru: WH02
2026-06-30 14:42:37 | DEBUG    |   SLoc baru: WT01
2026-06-30 14:42:38 | DEBUG    |   [DEBUG] Jumlah elemen terbaca: 22
2026-06-30 14:42:38 | DEBUG    |   [DEBUG] Status text: [WINDOWCONTROL:NAME]ENTER STORAGE LOCATIONS COLLECTIVELY: LIST | [BUTTONCONTROL:NAME]OPEN | [BUTTONCONTROL:NAME]DELETE | [LEGACY:DESC]DELETE   (SHIFT+F2) | [LEGACY:VALUE]ENTER STORAGE LOCATIONS COLLECTIVELY: LIST | [LEGACY:DESC]DISPLAYS THE NAME OF THE WINDOW AND CONTAINS CONTROLS TO MANIPULATE IT | [MENUBARCONTROL:NAME]SYSTEM | [LEGACY:DESC]CONTAINS COMMANDS TO MANIPULATE THE WINDOW | [MENUITEMCONTROL:NAME]SYSTEM | [BUTTONCONTROL:NAME]MINIMIZE | [LEGACY:DESC]MOVES THE WINDOW OUT OF THE WAY | [BUTTONCONTROL:NAME]MAXIMIZE | [LEGACY:DESC]MAKES THE WINDOW FULL SCREEN | [BUTTONCONTROL:NAME]CLOSE | [LEGACY:DESC]CLOSES THE WINDOW | CUSTOM  CONTAINER | CONTROL  CONTAINER | CUSTOM  CONTAINER | CONTROL  CONTAINER | SAP'S ADVANCED TREELIST | CUSTOM  CONTAINER | CONTROL  CONTAINER
2026-06-30 14:42:40 | SUCCESS  |   ✓ [B368] 411077 — WH02, WT01 DITAMBAH
2026-06-30 14:42:40 | INFO     | [ 123/125]  411077  →  Plant: B369
2026-06-30 14:42:40 | DEBUG    |   Isi Material: 411077
2026-06-30 14:42:42 | DEBUG    |   Isi Plant: B369
2026-06-30 14:42:45 | DEBUG    |   [DEBUG] Mundur ke-1: 'WH01'
2026-06-30 14:42:46 | DEBUG    |   [DEBUG] Mundur ke-2: ''
2026-06-30 14:42:46 | DEBUG    |   [DEBUG] SLoc yang terbaca: ['WH01']
2026-06-30 14:42:46 | INFO     |   Isi SLoc yang belum ada: WH02, WT01
2026-06-30 14:42:47 | DEBUG    |   SLoc baru: WH02
2026-06-30 14:42:47 | DEBUG    |   SLoc baru: WT01
2026-06-30 14:42:48 | DEBUG    |   [DEBUG] Jumlah elemen terbaca: 22
2026-06-30 14:42:48 | DEBUG    |   [DEBUG] Status text: [WINDOWCONTROL:NAME]ENTER STORAGE LOCATIONS COLLECTIVELY: LIST | [BUTTONCONTROL:NAME]OPEN | [BUTTONCONTROL:NAME]DELETE | [LEGACY:DESC]DELETE   (SHIFT+F2) | [LEGACY:VALUE]ENTER STORAGE LOCATIONS COLLECTIVELY: LIST | [LEGACY:DESC]DISPLAYS THE NAME OF THE WINDOW AND CONTAINS CONTROLS TO MANIPULATE IT | [MENUBARCONTROL:NAME]SYSTEM | [LEGACY:DESC]CONTAINS COMMANDS TO MANIPULATE THE WINDOW | [MENUITEMCONTROL:NAME]SYSTEM | [BUTTONCONTROL:NAME]MINIMIZE | [LEGACY:DESC]MOVES THE WINDOW OUT OF THE WAY | [BUTTONCONTROL:NAME]MAXIMIZE | [LEGACY:DESC]MAKES THE WINDOW FULL SCREEN | [BUTTONCONTROL:NAME]CLOSE | [LEGACY:DESC]CLOSES THE WINDOW | CUSTOM  CONTAINER | CONTROL  CONTAINER | CUSTOM  CONTAINER | CONTROL  CONTAINER | SAP'S ADVANCED TREELIST | CUSTOM  CONTAINER | CONTROL  CONTAINER
2026-06-30 14:42:50 | SUCCESS  |   ✓ [B369] 411077 — WH02, WT01 DITAMBAH
2026-06-30 14:42:50 | INFO     | [ 124/125]  411077  →  Plant: B373
2026-06-30 14:42:50 | DEBUG    |   Isi Material: 411077
2026-06-30 14:42:52 | DEBUG    |   Isi Plant: B373
2026-06-30 14:42:56 | DEBUG    |   [DEBUG] Mundur ke-1: 'WH01'
2026-06-30 14:42:56 | DEBUG    |   [DEBUG] Mundur ke-2: ''
2026-06-30 14:42:56 | DEBUG    |   [DEBUG] SLoc yang terbaca: ['WH01']
2026-06-30 14:42:56 | INFO     |   Isi SLoc yang belum ada: WH02, WT01
2026-06-30 14:42:57 | DEBUG    |   SLoc baru: WH02
2026-06-30 14:42:58 | DEBUG    |   SLoc baru: WT01
2026-06-30 14:42:59 | DEBUG    |   [DEBUG] Jumlah elemen terbaca: 22
2026-06-30 14:42:59 | DEBUG    |   [DEBUG] Status text: [WINDOWCONTROL:NAME]ENTER STORAGE LOCATIONS COLLECTIVELY: LIST | [BUTTONCONTROL:NAME]OPEN | [BUTTONCONTROL:NAME]DELETE | [LEGACY:DESC]DELETE   (SHIFT+F2) | [LEGACY:VALUE]ENTER STORAGE LOCATIONS COLLECTIVELY: LIST | [LEGACY:DESC]DISPLAYS THE NAME OF THE WINDOW AND CONTAINS CONTROLS TO MANIPULATE IT | [MENUBARCONTROL:NAME]SYSTEM | [LEGACY:DESC]CONTAINS COMMANDS TO MANIPULATE THE WINDOW | [MENUITEMCONTROL:NAME]SYSTEM | [BUTTONCONTROL:NAME]MINIMIZE | [LEGACY:DESC]MOVES THE WINDOW OUT OF THE WAY | [BUTTONCONTROL:NAME]MAXIMIZE | [LEGACY:DESC]MAKES THE WINDOW FULL SCREEN | [BUTTONCONTROL:NAME]CLOSE | [LEGACY:DESC]CLOSES THE WINDOW | CUSTOM  CONTAINER | CONTROL  CONTAINER | CUSTOM  CONTAINER | CONTROL  CONTAINER | SAP'S ADVANCED TREELIST | CUSTOM  CONTAINER | CONTROL  CONTAINER
2026-06-30 14:43:01 | SUCCESS  |   ✓ [B373] 411077 — WH02, WT01 DITAMBAH
2026-06-30 14:43:01 | INFO     | [ 125/125]  411077  →  Plant: B394
2026-06-30 14:43:01 | DEBUG    |   Isi Material: 411077
2026-06-30 14:43:03 | DEBUG    |   Isi Plant: B394
2026-06-30 14:43:06 | DEBUG    |   [DEBUG] Mundur ke-1: 'WH01'
2026-06-30 14:43:07 | DEBUG    |   [DEBUG] Mundur ke-2: ''
2026-06-30 14:43:07 | DEBUG    |   [DEBUG] SLoc yang terbaca: ['WH01']
2026-06-30 14:43:07 | INFO     |   Isi SLoc yang belum ada: WH02, WT01
2026-06-30 14:43:07 | DEBUG    |   SLoc baru: WH02
2026-06-30 14:43:08 | DEBUG    |   SLoc baru: WT01
2026-06-30 14:43:09 | DEBUG    |   [DEBUG] Jumlah elemen terbaca: 22
2026-06-30 14:43:09 | DEBUG    |   [DEBUG] Status text: [WINDOWCONTROL:NAME]ENTER STORAGE LOCATIONS COLLECTIVELY: LIST | [BUTTONCONTROL:NAME]OPEN | [BUTTONCONTROL:NAME]DELETE | [LEGACY:DESC]DELETE   (SHIFT+F2) | [LEGACY:VALUE]ENTER STORAGE LOCATIONS COLLECTIVELY: LIST | [LEGACY:DESC]DISPLAYS THE NAME OF THE WINDOW AND CONTAINS CONTROLS TO MANIPULATE IT | [MENUBARCONTROL:NAME]SYSTEM | [LEGACY:DESC]CONTAINS COMMANDS TO MANIPULATE THE WINDOW | [MENUITEMCONTROL:NAME]SYSTEM | [BUTTONCONTROL:NAME]MINIMIZE | [LEGACY:DESC]MOVES THE WINDOW OUT OF THE WAY | [BUTTONCONTROL:NAME]MAXIMIZE | [LEGACY:DESC]MAKES THE WINDOW FULL SCREEN | [BUTTONCONTROL:NAME]CLOSE | [LEGACY:DESC]CLOSES THE WINDOW | CUSTOM  CONTAINER | CONTROL  CONTAINER | CUSTOM  CONTAINER | CONTROL  CONTAINER | SAP'S ADVANCED TREELIST | CUSTOM  CONTAINER | CONTROL  CONTAINER
2026-06-30 14:43:11 | SUCCESS  |   ✓ [B394] 411077 — WH02, WT01 DITAMBAH
2026-06-30 14:43:11 | INFO     | 
2026-06-30 14:43:11 | INFO     | ============================================================
2026-06-30 14:43:11 | INFO     |   SELESAI -- OK: 122 | Dry: 0 | Skip: 3 | Error: 0 | Total: 125
2026-06-30 14:43:11 | INFO     | ============================================================
2026-06-30 14:43:11 | SUCCESS  | Laporan: output_rpa\hasil_extend_20260630_142140.xlsx
2026-06-30 14:43:11 | INFO     | Log: output_rpa\rpa_mmsc_20260630_142140.log
